<?xml version="1.0" encoding="UTF-8"?>
<kml xmlns="http://www.opengis.net/kml/2.2">
  <Document>
    <name>【公開用】盛岡市内のツキノワグマ出没情報</name>
    <description><![CDATA[　クマ出没情報を紹介する盛岡市役所作成のマップです。<br>　通報内容に基づき作成しているため、ツキノワグマらしきものと疑われる目撃例や痕跡情報も含んでいますので、ご注意ください。<br>　なお、盛岡市公式ホームページに掲載している出没情報のうち、具体的な出没場所が分かるものや公開可能なもののみ掲載しているため、件数が一致しない場合があります。]]></description>
    <Style id="icon-1759-0288D1-normal">
      <IconStyle>
        <color>ffd18802</color>
        <scale>1</scale>
        <Icon>
          <href>https://www.gstatic.com/mapspro/images/stock/503-wht-blank_maps.png</href>
        </Icon>
      </IconStyle>
      <LabelStyle>
        <scale>0</scale>
      </LabelStyle>
    </Style>
    <Style id="icon-1759-0288D1-highlight">
      <IconStyle>
        <color>ffd18802</color>
        <scale>1</scale>
        <Icon>
          <href>https://www.gstatic.com/mapspro/images/stock/503-wht-blank_maps.png</href>
        </Icon>
      </IconStyle>
      <LabelStyle>
        <scale>1</scale>
      </LabelStyle>
    </Style>
    <StyleMap id="icon-1759-0288D1">
      <Pair>
        <key>normal</key>
        <styleUrl>#icon-1759-0288D1-normal</styleUrl>
      </Pair>
      <Pair>
        <key>highlight</key>
        <styleUrl>#icon-1759-0288D1-highlight</styleUrl>
      </Pair>
    </StyleMap>
    <Style id="icon-1759-9C27B0-normal">
      <IconStyle>
        <color>ffb0279c</color>
        <scale>1</scale>
        <Icon>
          <href>https://www.gstatic.com/mapspro/images/stock/503-wht-blank_maps.png</href>
        </Icon>
      </IconStyle>
      <LabelStyle>
        <scale>0</scale>
      </LabelStyle>
    </Style>
    <Style id="icon-1759-9C27B0-highlight">
      <IconStyle>
        <color>ffb0279c</color>
        <scale>1</scale>
        <Icon>
          <href>https://www.gstatic.com/mapspro/images/stock/503-wht-blank_maps.png</href>
        </Icon>
      </IconStyle>
      <LabelStyle>
        <scale>1</scale>
      </LabelStyle>
    </Style>
    <StyleMap id="icon-1759-9C27B0">
      <Pair>
        <key>normal</key>
        <styleUrl>#icon-1759-9C27B0-normal</styleUrl>
      </Pair>
      <Pair>
        <key>highlight</key>
        <styleUrl>#icon-1759-9C27B0-highlight</styleUrl>
      </Pair>
    </StyleMap>
    <Style id="icon-1759-E65100-normal">
      <IconStyle>
        <color>ff0051e6</color>
        <scale>1</scale>
        <Icon>
          <href>https://www.gstatic.com/mapspro/images/stock/503-wht-blank_maps.png</href>
        </Icon>
      </IconStyle>
      <LabelStyle>
        <scale>0</scale>
      </LabelStyle>
    </Style>
    <Style id="icon-1759-E65100-highlight">
      <IconStyle>
        <color>ff0051e6</color>
        <scale>1</scale>
        <Icon>
          <href>https://www.gstatic.com/mapspro/images/stock/503-wht-blank_maps.png</href>
        </Icon>
      </IconStyle>
      <LabelStyle>
        <scale>1</scale>
      </LabelStyle>
    </Style>
    <StyleMap id="icon-1759-E65100">
      <Pair>
        <key>normal</key>
        <styleUrl>#icon-1759-E65100-normal</styleUrl>
      </Pair>
      <Pair>
        <key>highlight</key>
        <styleUrl>#icon-1759-E65100-highlight</styleUrl>
      </Pair>
    </StyleMap>
    <Style id="icon-1759-FFEA00-normal">
      <IconStyle>
        <color>ff00eaff</color>
        <scale>1</scale>
        <Icon>
          <href>https://www.gstatic.com/mapspro/images/stock/503-wht-blank_maps.png</href>
        </Icon>
      </IconStyle>
      <LabelStyle>
        <scale>0</scale>
      </LabelStyle>
    </Style>
    <Style id="icon-1759-FFEA00-highlight">
      <IconStyle>
        <color>ff00eaff</color>
        <scale>1</scale>
        <Icon>
          <href>https://www.gstatic.com/mapspro/images/stock/503-wht-blank_maps.png</href>
        </Icon>
      </IconStyle>
      <LabelStyle>
        <scale>1</scale>
      </LabelStyle>
    </Style>
    <StyleMap id="icon-1759-FFEA00">
      <Pair>
        <key>normal</key>
        <styleUrl>#icon-1759-FFEA00-normal</styleUrl>
      </Pair>
      <Pair>
        <key>highlight</key>
        <styleUrl>#icon-1759-FFEA00-highlight</styleUrl>
      </Pair>
    </StyleMap>
    <Folder>
      <name>R6クマ</name>
      <Placemark>
        <name>令和8年1月2日(東松園一丁目)</name>
        <description><![CDATA[出没区分: 01 目撃<br>名前: 令和8年1月2日<br>出没時間: 18:00<br>成獣/幼獣: 幼獣<br>頭数: １頭<br>発生地域: 東松園一丁目<br>緯度: 39.75178893<br>経度: 141.1689137<br>説明: アパート周辺で幼獣１頭を目撃。東の山林に向かって移動していった。]]></description>
        <styleUrl>#icon-1759-9C27B0</styleUrl>
        <ExtendedData>
          <Data name="出没区分">
            <value>01 目撃</value>
          </Data>
          <Data name="名前">
            <value>令和8年1月2日</value>
          </Data>
          <Data name="出没時間">
            <value>18:00</value>
          </Data>
          <Data name="成獣/幼獣">
            <value>幼獣</value>
          </Data>
          <Data name="頭数">
            <value>１頭</value>
          </Data>
          <Data name="発生地域">
            <value>東松園一丁目</value>
          </Data>
          <Data name="緯度">
            <value>39.75178893</value>
          </Data>
          <Data name="経度">
            <value>141.1689137</value>
          </Data>
          <Data name="説明">
            <value>アパート周辺で幼獣１頭を目撃。東の山林に向かって移動していった。</value>
          </Data>
        </ExtendedData>
        <Point>
          <coordinates>
            141.1689137,39.75178893,0
          </coordinates>
        </Point>
      </Placemark>
      <Placemark>
        <name>令和8年1月2日(緑が丘二丁目)</name>
        <description><![CDATA[出没区分: 01 目撃<br>名前: 令和8年1月2日<br>出没時間: 18:50<br>成獣/幼獣: 成獣<br>頭数: １頭<br>発生地域: 緑が丘二丁目<br>緯度: 39.73630667<br>経度: 141.1376086<br>説明: 住宅前の道路で成獣１頭を目撃。北に向かって移動していった。]]></description>
        <styleUrl>#icon-1759-9C27B0</styleUrl>
        <ExtendedData>
          <Data name="出没区分">
            <value>01 目撃</value>
          </Data>
          <Data name="名前">
            <value>令和8年1月2日</value>
          </Data>
          <Data name="出没時間">
            <value>18:50</value>
          </Data>
          <Data name="成獣/幼獣">
            <value>成獣</value>
          </Data>
          <Data name="頭数">
            <value>１頭</value>
          </Data>
          <Data name="発生地域">
            <value>緑が丘二丁目</value>
          </Data>
          <Data name="緯度">
            <value>39.73630667</value>
          </Data>
          <Data name="経度">
            <value>141.1376086</value>
          </Data>
          <Data name="説明">
            <value>住宅前の道路で成獣１頭を目撃。北に向かって移動していった。</value>
          </Data>
        </ExtendedData>
        <Point>
          <coordinates>
            141.1376086,39.73630667,0
          </coordinates>
        </Point>
      </Placemark>
      <Placemark>
        <name>令和8年1月3日(箱清水二丁目)</name>
        <description><![CDATA[出没区分: 01 目撃<br>名前: 令和8年1月3日<br>出没時間: 20:20<br>成獣/幼獣: 不明<br>頭数: １頭<br>発生地域: 箱清水二丁目<br>緯度: 39.73163031<br>経度: 141.1320727<br>説明: 住宅周辺でクマ１頭を目撃。（移動方向不明）]]></description>
        <styleUrl>#icon-1759-9C27B0</styleUrl>
        <ExtendedData>
          <Data name="出没区分">
            <value>01 目撃</value>
          </Data>
          <Data name="名前">
            <value>令和8年1月3日</value>
          </Data>
          <Data name="出没時間">
            <value>20:20</value>
          </Data>
          <Data name="成獣/幼獣">
            <value>不明</value>
          </Data>
          <Data name="頭数">
            <value>１頭</value>
          </Data>
          <Data name="発生地域">
            <value>箱清水二丁目</value>
          </Data>
          <Data name="緯度">
            <value>39.73163031</value>
          </Data>
          <Data name="経度">
            <value>141.1320727</value>
          </Data>
          <Data name="説明">
            <value>住宅周辺でクマ１頭を目撃。（移動方向不明）</value>
          </Data>
        </ExtendedData>
        <Point>
          <coordinates>
            141.1320727,39.73163031,0
          </coordinates>
        </Point>
      </Placemark>
      <Placemark>
        <name>令和8年1月7日(東松園三丁目)</name>
        <description><![CDATA[出没区分: 01 目撃<br>名前: 令和8年1月7日<br>出没時間: 5:30<br>成獣/幼獣: 幼獣<br>頭数: １頭<br>発生地域: 東松園三丁目<br>緯度: 39.75892941<br>経度: 141.1656852<br>説明: 東松園わんぱく公園付近で幼獣１頭を目撃。北に向かって移動していった。]]></description>
        <styleUrl>#icon-1759-9C27B0</styleUrl>
        <ExtendedData>
          <Data name="出没区分">
            <value>01 目撃</value>
          </Data>
          <Data name="名前">
            <value>令和8年1月7日</value>
          </Data>
          <Data name="出没時間">
            <value>5:30</value>
          </Data>
          <Data name="成獣/幼獣">
            <value>幼獣</value>
          </Data>
          <Data name="頭数">
            <value>１頭</value>
          </Data>
          <Data name="発生地域">
            <value>東松園三丁目</value>
          </Data>
          <Data name="緯度">
            <value>39.75892941</value>
          </Data>
          <Data name="経度">
            <value>141.1656852</value>
          </Data>
          <Data name="説明">
            <value>東松園わんぱく公園付近で幼獣１頭を目撃。北に向かって移動していった。</value>
          </Data>
        </ExtendedData>
        <Point>
          <coordinates>
            141.1656852,39.75892941,0
          </coordinates>
        </Point>
      </Placemark>
      <Placemark>
        <name>令和8年1月7日(東松園二丁目)</name>
        <description><![CDATA[出没区分: 01 目撃<br>名前: 令和8年1月7日<br>出没時間: 12:04<br>成獣/幼獣: 成獣<br> 幼獣<br>頭数: １頭<br> １頭<br>発生地域: 東松園二丁目<br>緯度: 39.75537583<br>経度: 141.1645456<br>説明: 松園中央公園の敷地内で親子グマらしきもの２頭を目撃。北に向かって移動していった。]]></description>
        <styleUrl>#icon-1759-9C27B0</styleUrl>
        <ExtendedData>
          <Data name="出没区分">
            <value>01 目撃</value>
          </Data>
          <Data name="名前">
            <value>令和8年1月7日</value>
          </Data>
          <Data name="出没時間">
            <value>12:04</value>
          </Data>
          <Data name="成獣/幼獣">
            <value>成獣
 幼獣</value>
          </Data>
          <Data name="頭数">
            <value>１頭
 １頭</value>
          </Data>
          <Data name="発生地域">
            <value>東松園二丁目</value>
          </Data>
          <Data name="緯度">
            <value>39.75537583</value>
          </Data>
          <Data name="経度">
            <value>141.1645456</value>
          </Data>
          <Data name="説明">
            <value>松園中央公園の敷地内で親子グマらしきもの２頭を目撃。北に向かって移動していった。</value>
          </Data>
        </ExtendedData>
        <Point>
          <coordinates>
            141.1645456,39.75537583,0
          </coordinates>
        </Point>
      </Placemark>
      <Placemark>
        <name>令和8年1月8日(西松園一丁目)</name>
        <description><![CDATA[出没区分: 01 目撃<br>名前: 令和8年1月8日<br>出没時間: 11:50<br>成獣/幼獣: 成獣<br>頭数: １頭<br>発生地域: 西松園一丁目<br>緯度: 39.75275817<br>経度: 141.1562325<br>説明: 松園西児童公園内で成獣のクマらしきもの１頭を目撃（移動方向不明）]]></description>
        <styleUrl>#icon-1759-9C27B0</styleUrl>
        <ExtendedData>
          <Data name="出没区分">
            <value>01 目撃</value>
          </Data>
          <Data name="名前">
            <value>令和8年1月8日</value>
          </Data>
          <Data name="出没時間">
            <value>11:50</value>
          </Data>
          <Data name="成獣/幼獣">
            <value>成獣</value>
          </Data>
          <Data name="頭数">
            <value>１頭</value>
          </Data>
          <Data name="発生地域">
            <value>西松園一丁目</value>
          </Data>
          <Data name="緯度">
            <value>39.75275817</value>
          </Data>
          <Data name="経度">
            <value>141.1562325</value>
          </Data>
          <Data name="説明">
            <value>松園西児童公園内で成獣のクマらしきもの１頭を目撃（移動方向不明）</value>
          </Data>
        </ExtendedData>
        <Point>
          <coordinates>
            141.1562325,39.75275817,0
          </coordinates>
        </Point>
      </Placemark>
      <Placemark>
        <name>令和8年1月10日(加賀野四丁目)</name>
        <description><![CDATA[出没区分: 01 目撃<br>名前: 令和8年1月10日<br>出没時間: 8:25<br>成獣/幼獣: 成獣<br>頭数: １頭<br>発生地域: 加賀野四丁目<br>緯度: 39.71162255<br>経度: 141.1711997<br>説明: 歯科医院付近で成獣１頭を目撃。東の山林から出没し、西（中津川方向）に向かって移動していった。]]></description>
        <styleUrl>#icon-1759-9C27B0</styleUrl>
        <ExtendedData>
          <Data name="出没区分">
            <value>01 目撃</value>
          </Data>
          <Data name="名前">
            <value>令和8年1月10日</value>
          </Data>
          <Data name="出没時間">
            <value>8:25</value>
          </Data>
          <Data name="成獣/幼獣">
            <value>成獣</value>
          </Data>
          <Data name="頭数">
            <value>１頭</value>
          </Data>
          <Data name="発生地域">
            <value>加賀野四丁目</value>
          </Data>
          <Data name="緯度">
            <value>39.71162255</value>
          </Data>
          <Data name="経度">
            <value>141.1711997</value>
          </Data>
          <Data name="説明">
            <value>歯科医院付近で成獣１頭を目撃。東の山林から出没し、西（中津川方向）に向かって移動していった。</value>
          </Data>
        </ExtendedData>
        <Point>
          <coordinates>
            141.1711997,39.71162255,0
          </coordinates>
        </Point>
      </Placemark>
      <Placemark>
        <name>令和8年1月19日(東松園二丁目)</name>
        <description><![CDATA[出没区分: 01 目撃<br>名前: 令和8年1月19日<br>出没時間: 12:55<br>成獣/幼獣: 成獣<br>頭数: １頭<br>発生地域: 東松園二丁目<br>緯度: 39.75527934<br>経度: 141.1648365<br>説明: 松園中央公園内で成獣１頭を目撃。東に向かって移動していった。]]></description>
        <styleUrl>#icon-1759-9C27B0</styleUrl>
        <ExtendedData>
          <Data name="出没区分">
            <value>01 目撃</value>
          </Data>
          <Data name="名前">
            <value>令和8年1月19日</value>
          </Data>
          <Data name="出没時間">
            <value>12:55</value>
          </Data>
          <Data name="成獣/幼獣">
            <value>成獣</value>
          </Data>
          <Data name="頭数">
            <value>１頭</value>
          </Data>
          <Data name="発生地域">
            <value>東松園二丁目</value>
          </Data>
          <Data name="緯度">
            <value>39.75527934</value>
          </Data>
          <Data name="経度">
            <value>141.1648365</value>
          </Data>
          <Data name="説明">
            <value>松園中央公園内で成獣１頭を目撃。東に向かって移動していった。</value>
          </Data>
        </ExtendedData>
        <Point>
          <coordinates>
            141.1648365,39.75527934,0
          </coordinates>
        </Point>
      </Placemark>
      <Placemark>
        <name>令和8年1月21日(小鳥沢二丁目)</name>
        <description><![CDATA[出没区分: 01 目撃<br>名前: 令和8年1月21日<br>出没時間: 11:40<br>成獣/幼獣: 成獣<br> 幼獣<br>頭数: １頭<br> １頭<br>発生地域: 小鳥沢二丁目<br>緯度: 39.76680752<br>経度: 141.1705713<br>説明: 住宅地周辺で親子グマ２頭を目撃。北の藪に向かって移動していった。]]></description>
        <styleUrl>#icon-1759-9C27B0</styleUrl>
        <ExtendedData>
          <Data name="出没区分">
            <value>01 目撃</value>
          </Data>
          <Data name="名前">
            <value>令和8年1月21日</value>
          </Data>
          <Data name="出没時間">
            <value>11:40</value>
          </Data>
          <Data name="成獣/幼獣">
            <value>成獣
 幼獣</value>
          </Data>
          <Data name="頭数">
            <value>１頭
 １頭</value>
          </Data>
          <Data name="発生地域">
            <value>小鳥沢二丁目</value>
          </Data>
          <Data name="緯度">
            <value>39.76680752</value>
          </Data>
          <Data name="経度">
            <value>141.1705713</value>
          </Data>
          <Data name="説明">
            <value>住宅地周辺で親子グマ２頭を目撃。北の藪に向かって移動していった。</value>
          </Data>
        </ExtendedData>
        <Point>
          <coordinates>
            141.1705713,39.76680752,0
          </coordinates>
        </Point>
      </Placemark>
      <Placemark>
        <name>令和8年1月21日(桜台二丁目)</name>
        <description><![CDATA[出没区分: 01 目撃<br>名前: 令和8年1月21日<br>出没時間: 20:03<br>成獣/幼獣: 成獣<br>頭数: １頭<br>発生地域: 桜台二丁目<br>緯度: 39.75161439<br>経度: 141.1967627<br>説明: 住宅周辺で成獣１頭を目撃。（移動方向不明）]]></description>
        <styleUrl>#icon-1759-9C27B0</styleUrl>
        <ExtendedData>
          <Data name="出没区分">
            <value>01 目撃</value>
          </Data>
          <Data name="名前">
            <value>令和8年1月21日</value>
          </Data>
          <Data name="出没時間">
            <value>20:03</value>
          </Data>
          <Data name="成獣/幼獣">
            <value>成獣</value>
          </Data>
          <Data name="頭数">
            <value>１頭</value>
          </Data>
          <Data name="発生地域">
            <value>桜台二丁目</value>
          </Data>
          <Data name="緯度">
            <value>39.75161439</value>
          </Data>
          <Data name="経度">
            <value>141.1967627</value>
          </Data>
          <Data name="説明">
            <value>住宅周辺で成獣１頭を目撃。（移動方向不明）</value>
          </Data>
        </ExtendedData>
        <Point>
          <coordinates>
            141.1967627,39.75161439,0
          </coordinates>
        </Point>
      </Placemark>
      <Placemark>
        <name>令和8年1月23日(松園三丁目)</name>
        <description><![CDATA[出没区分: 01 目撃<br>名前: 令和8年1月23日<br>出没時間: 17:15<br>成獣/幼獣: 不明<br>頭数: １頭<br>発生地域: 松園三丁目<br>緯度: 39.75000623<br>経度: 141.160153<br>説明: アパート敷地周辺でクマらしきもの1頭を目撃。南に向かって移動していった。]]></description>
        <styleUrl>#icon-1759-9C27B0</styleUrl>
        <ExtendedData>
          <Data name="出没区分">
            <value>01 目撃</value>
          </Data>
          <Data name="名前">
            <value>令和8年1月23日</value>
          </Data>
          <Data name="出没時間">
            <value>17:15</value>
          </Data>
          <Data name="成獣/幼獣">
            <value>不明</value>
          </Data>
          <Data name="頭数">
            <value>１頭</value>
          </Data>
          <Data name="発生地域">
            <value>松園三丁目</value>
          </Data>
          <Data name="緯度">
            <value>39.75000623</value>
          </Data>
          <Data name="経度">
            <value>141.160153</value>
          </Data>
          <Data name="説明">
            <value>アパート敷地周辺でクマらしきもの1頭を目撃。南に向かって移動していった。</value>
          </Data>
        </ExtendedData>
        <Point>
          <coordinates>
            141.160153,39.75000623,0
          </coordinates>
        </Point>
      </Placemark>
      <Placemark>
        <name>令和8年1月28日(玉山永井字鳥木沢)</name>
        <description><![CDATA[出没区分: 01 目撃<br>名前: 令和8年1月28日<br>出没時間: 10:28<br>成獣/幼獣: 不明<br>頭数: 2頭<br>発生地域: 玉山永井字鳥木沢<br>緯度: 39.89996358<br>経度: 141.1902796<br>説明: 線路近くの土手でクマらしきもの２頭を目撃。（移動方向不明）]]></description>
        <styleUrl>#icon-1759-9C27B0</styleUrl>
        <ExtendedData>
          <Data name="出没区分">
            <value>01 目撃</value>
          </Data>
          <Data name="名前">
            <value>令和8年1月28日</value>
          </Data>
          <Data name="出没時間">
            <value>10:28</value>
          </Data>
          <Data name="成獣/幼獣">
            <value>不明</value>
          </Data>
          <Data name="頭数">
            <value>2頭</value>
          </Data>
          <Data name="発生地域">
            <value>玉山永井字鳥木沢</value>
          </Data>
          <Data name="緯度">
            <value>39.89996358</value>
          </Data>
          <Data name="経度">
            <value>141.1902796</value>
          </Data>
          <Data name="説明">
            <value>線路近くの土手でクマらしきもの２頭を目撃。（移動方向不明）</value>
          </Data>
        </ExtendedData>
        <Point>
          <coordinates>
            141.1902796,39.89996358,0
          </coordinates>
        </Point>
      </Placemark>
      <Placemark>
        <name>令和8年1月30日(羽場18地割)</name>
        <description><![CDATA[出没区分: 01 目撃<br>名前: 令和8年1月30日<br>出没時間: 7:00<br>成獣/幼獣: 不明<br>頭数: １頭<br>発生地域: 羽場18地割<br>緯度: 39.65206885<br>経度: 141.1040368<br>説明: 盛岡工業高等学校西側の道路で幼獣らしきもの１頭を遠目で目撃。西に向かって移動していった。]]></description>
        <styleUrl>#icon-1759-9C27B0</styleUrl>
        <ExtendedData>
          <Data name="出没区分">
            <value>01 目撃</value>
          </Data>
          <Data name="名前">
            <value>令和8年1月30日</value>
          </Data>
          <Data name="出没時間">
            <value>7:00</value>
          </Data>
          <Data name="成獣/幼獣">
            <value>不明</value>
          </Data>
          <Data name="頭数">
            <value>１頭</value>
          </Data>
          <Data name="発生地域">
            <value>羽場18地割</value>
          </Data>
          <Data name="緯度">
            <value>39.65206885</value>
          </Data>
          <Data name="経度">
            <value>141.1040368</value>
          </Data>
          <Data name="説明">
            <value>盛岡工業高等学校西側の道路で幼獣らしきもの１頭を遠目で目撃。西に向かって移動していった。</value>
          </Data>
        </ExtendedData>
        <Point>
          <coordinates>
            141.1040368,39.65206885,0
          </coordinates>
        </Point>
      </Placemark>
      <Placemark>
        <name>令和8年1月30日(三ツ割二丁目)</name>
        <description><![CDATA[出没区分: 01 目撃<br>名前: 令和8年1月30日<br>出没時間: 21:30<br>成獣/幼獣: 成獣<br>頭数: 2頭<br>発生地域: 三ツ割二丁目<br>緯度: 39.72210146<br>経度: 141.1542992<br>説明: 住宅地周辺で成獣２頭を目撃。南に向かって移動していった。]]></description>
        <styleUrl>#icon-1759-9C27B0</styleUrl>
        <ExtendedData>
          <Data name="出没区分">
            <value>01 目撃</value>
          </Data>
          <Data name="名前">
            <value>令和8年1月30日</value>
          </Data>
          <Data name="出没時間">
            <value>21:30</value>
          </Data>
          <Data name="成獣/幼獣">
            <value>成獣</value>
          </Data>
          <Data name="頭数">
            <value>2頭</value>
          </Data>
          <Data name="発生地域">
            <value>三ツ割二丁目</value>
          </Data>
          <Data name="緯度">
            <value>39.72210146</value>
          </Data>
          <Data name="経度">
            <value>141.1542992</value>
          </Data>
          <Data name="説明">
            <value>住宅地周辺で成獣２頭を目撃。南に向かって移動していった。</value>
          </Data>
        </ExtendedData>
        <Point>
          <coordinates>
            141.1542992,39.72210146,0
          </coordinates>
        </Point>
      </Placemark>
      <Placemark>
        <name>令和8年2月2日(山岸六丁目)</name>
        <description><![CDATA[出没区分: 01 目撃<br>名前: 令和8年2月2日<br>出没時間: 21:55<br>成獣/幼獣: 成獣<br>頭数: １頭<br>発生地域: 山岸六丁目<br>緯度: 39.73011727<br>経度: 141.1678996<br>説明: 住宅地周辺で成獣１頭を目撃。東に向かって移動していった。]]></description>
        <styleUrl>#icon-1759-9C27B0</styleUrl>
        <ExtendedData>
          <Data name="出没区分">
            <value>01 目撃</value>
          </Data>
          <Data name="名前">
            <value>令和8年2月2日</value>
          </Data>
          <Data name="出没時間">
            <value>21:55</value>
          </Data>
          <Data name="成獣/幼獣">
            <value>成獣</value>
          </Data>
          <Data name="頭数">
            <value>１頭</value>
          </Data>
          <Data name="発生地域">
            <value>山岸六丁目</value>
          </Data>
          <Data name="緯度">
            <value>39.73011727</value>
          </Data>
          <Data name="経度">
            <value>141.1678996</value>
          </Data>
          <Data name="説明">
            <value>住宅地周辺で成獣１頭を目撃。東に向かって移動していった。</value>
          </Data>
        </ExtendedData>
        <Point>
          <coordinates>
            141.1678996,39.73011727,0
          </coordinates>
        </Point>
      </Placemark>
      <Placemark>
        <name>令和8年2月7日(山岸一丁目)</name>
        <description><![CDATA[出没区分: 01 目撃<br>名前: 令和8年2月7日<br>出没時間: 1:50<br>成獣/幼獣: 成獣<br>頭数: １頭<br>発生地域: 山岸一丁目<br>緯度: 39.70986449<br>経度: 141.1619481<br>説明: 国道４号線の中央公民館前交差点付近で成獣１頭を目撃。北（中央公民館方向）に向かって移動していった。]]></description>
        <styleUrl>#icon-1759-9C27B0</styleUrl>
        <ExtendedData>
          <Data name="出没区分">
            <value>01 目撃</value>
          </Data>
          <Data name="名前">
            <value>令和8年2月7日</value>
          </Data>
          <Data name="出没時間">
            <value>1:50</value>
          </Data>
          <Data name="成獣/幼獣">
            <value>成獣</value>
          </Data>
          <Data name="頭数">
            <value>１頭</value>
          </Data>
          <Data name="発生地域">
            <value>山岸一丁目</value>
          </Data>
          <Data name="緯度">
            <value>39.70986449</value>
          </Data>
          <Data name="経度">
            <value>141.1619481</value>
          </Data>
          <Data name="説明">
            <value>国道４号線の中央公民館前交差点付近で成獣１頭を目撃。北（中央公民館方向）に向かって移動していった。</value>
          </Data>
        </ExtendedData>
        <Point>
          <coordinates>
            141.1619481,39.70986449,0
          </coordinates>
        </Point>
      </Placemark>
      <Placemark>
        <name>令和8年2月20日(山岸二丁目)</name>
        <description><![CDATA[出没区分: 01 目撃<br>名前: 令和8年2月20日<br>出没時間: 19:47<br>成獣/幼獣: 不明<br>頭数: １頭<br>発生地域: 山岸二丁目<br>緯度: 39.71449279<br>経度: 141.1692868<br>説明: 山岸小学校北側交差点でクマらしきもの１頭を目撃。（移動方向不明）]]></description>
        <styleUrl>#icon-1759-9C27B0</styleUrl>
        <ExtendedData>
          <Data name="出没区分">
            <value>01 目撃</value>
          </Data>
          <Data name="名前">
            <value>令和8年2月20日</value>
          </Data>
          <Data name="出没時間">
            <value>19:47</value>
          </Data>
          <Data name="成獣/幼獣">
            <value>不明</value>
          </Data>
          <Data name="頭数">
            <value>１頭</value>
          </Data>
          <Data name="発生地域">
            <value>山岸二丁目</value>
          </Data>
          <Data name="緯度">
            <value>39.71449279</value>
          </Data>
          <Data name="経度">
            <value>141.1692868</value>
          </Data>
          <Data name="説明">
            <value>山岸小学校北側交差点でクマらしきもの１頭を目撃。（移動方向不明）</value>
          </Data>
        </ExtendedData>
        <Point>
          <coordinates>
            141.1692868,39.71449279,0
          </coordinates>
        </Point>
      </Placemark>
      <Placemark>
        <name>令和8年2月20日(下田字陣場)</name>
        <description><![CDATA[出没区分: 01 目撃<br>名前: 令和8年2月20日<br>出没時間: 22:40<br>成獣/幼獣: 成獣<br>頭数: １頭<br>発生地域: 下田字陣場<br>緯度: 39.835788<br>経度: 141.154534<br>説明: クマらしきもの１頭を目撃。道路を横断していった。]]></description>
        <styleUrl>#icon-1759-9C27B0</styleUrl>
        <ExtendedData>
          <Data name="出没区分">
            <value>01 目撃</value>
          </Data>
          <Data name="名前">
            <value>令和8年2月20日</value>
          </Data>
          <Data name="出没時間">
            <value>22:40</value>
          </Data>
          <Data name="成獣/幼獣">
            <value>成獣</value>
          </Data>
          <Data name="頭数">
            <value>１頭</value>
          </Data>
          <Data name="発生地域">
            <value>下田字陣場</value>
          </Data>
          <Data name="緯度">
            <value>39.835788</value>
          </Data>
          <Data name="経度">
            <value>141.154534</value>
          </Data>
          <Data name="説明">
            <value>クマらしきもの１頭を目撃。道路を横断していった。</value>
          </Data>
        </ExtendedData>
        <Point>
          <coordinates>
            141.154534,39.835788,0
          </coordinates>
        </Point>
      </Placemark>
      <Placemark>
        <name>令和8年2月20日(上田三丁目)</name>
        <description><![CDATA[出没区分: 01 目撃<br>名前: 令和8年2月20日<br>出没時間: 22:55<br>成獣/幼獣: 不明<br>頭数: １頭<br>発生地域: 上田三丁目<br>緯度: 39.71599484<br>経度: 141.1370344<br>説明: 岩手大学図書館の北側の通路でクマらしきもの１頭を目撃。西に向かって移動していった。]]></description>
        <styleUrl>#icon-1759-9C27B0</styleUrl>
        <ExtendedData>
          <Data name="出没区分">
            <value>01 目撃</value>
          </Data>
          <Data name="名前">
            <value>令和8年2月20日</value>
          </Data>
          <Data name="出没時間">
            <value>22:55</value>
          </Data>
          <Data name="成獣/幼獣">
            <value>不明</value>
          </Data>
          <Data name="頭数">
            <value>１頭</value>
          </Data>
          <Data name="発生地域">
            <value>上田三丁目</value>
          </Data>
          <Data name="緯度">
            <value>39.71599484</value>
          </Data>
          <Data name="経度">
            <value>141.1370344</value>
          </Data>
          <Data name="説明">
            <value>岩手大学図書館の北側の通路でクマらしきもの１頭を目撃。西に向かって移動していった。</value>
          </Data>
        </ExtendedData>
        <Point>
          <coordinates>
            141.1370344,39.71599484,0
          </coordinates>
        </Point>
      </Placemark>
      <Placemark>
        <name>令和8年3月1日(浅岸字上大葛)</name>
        <description><![CDATA[出没区分: 02 痕跡<br>名前: 令和8年3月1日<br>出没時間: 不明<br>成獣/幼獣: 不明<br>頭数: １頭<br>発生地域: 浅岸字上大葛<br>緯度: 39.71164769<br>経度: 141.2364022<br>説明: 事業所の敷地内でクマの痕跡を確認。]]></description>
        <styleUrl>#icon-1759-9C27B0</styleUrl>
        <ExtendedData>
          <Data name="出没区分">
            <value>02 痕跡</value>
          </Data>
          <Data name="名前">
            <value>令和8年3月1日</value>
          </Data>
          <Data name="出没時間">
            <value>不明</value>
          </Data>
          <Data name="成獣/幼獣">
            <value>不明</value>
          </Data>
          <Data name="頭数">
            <value>１頭</value>
          </Data>
          <Data name="発生地域">
            <value>浅岸字上大葛</value>
          </Data>
          <Data name="緯度">
            <value>39.71164769</value>
          </Data>
          <Data name="経度">
            <value>141.2364022</value>
          </Data>
          <Data name="説明">
            <value>事業所の敷地内でクマの痕跡を確認。</value>
          </Data>
        </ExtendedData>
        <Point>
          <coordinates>
            141.2364022,39.71164769,0
          </coordinates>
        </Point>
      </Placemark>
      <Placemark>
        <name>令和8年3月3日(山岸二丁目)</name>
        <description><![CDATA[出没区分: 01 目撃<br>名前: 令和8年3月3日<br>出没時間: 11:00<br>成獣/幼獣: 幼獣<br>頭数: １頭<br>発生地域: 山岸二丁目<br>緯度: 39.71336132<br>経度: 141.1708038<br>説明: 中津川河川敷で幼獣１頭を目撃。西に向かって移動していった。]]></description>
        <styleUrl>#icon-1759-9C27B0</styleUrl>
        <ExtendedData>
          <Data name="出没区分">
            <value>01 目撃</value>
          </Data>
          <Data name="名前">
            <value>令和8年3月3日</value>
          </Data>
          <Data name="出没時間">
            <value>11:00</value>
          </Data>
          <Data name="成獣/幼獣">
            <value>幼獣</value>
          </Data>
          <Data name="頭数">
            <value>１頭</value>
          </Data>
          <Data name="発生地域">
            <value>山岸二丁目</value>
          </Data>
          <Data name="緯度">
            <value>39.71336132</value>
          </Data>
          <Data name="経度">
            <value>141.1708038</value>
          </Data>
          <Data name="説明">
            <value>中津川河川敷で幼獣１頭を目撃。西に向かって移動していった。</value>
          </Data>
        </ExtendedData>
        <Point>
          <coordinates>
            141.1708038,39.71336132,0
          </coordinates>
        </Point>
      </Placemark>
      <Placemark>
        <name>令和8年3月3日(東黒石野三丁目)</name>
        <description><![CDATA[出没区分: 01 目撃<br>名前: 令和8年3月3日<br>出没時間: 17:30<br>成獣/幼獣: 幼獣<br>頭数: １頭<br>発生地域: 東黒石野三丁目<br>緯度: 39.747235<br>経度: 141.1559942<br>説明: 道路沿いの土手で幼獣１頭を目撃。被害に向かって移動していった。]]></description>
        <styleUrl>#icon-1759-9C27B0</styleUrl>
        <ExtendedData>
          <Data name="出没区分">
            <value>01 目撃</value>
          </Data>
          <Data name="名前">
            <value>令和8年3月3日</value>
          </Data>
          <Data name="出没時間">
            <value>17:30</value>
          </Data>
          <Data name="成獣/幼獣">
            <value>幼獣</value>
          </Data>
          <Data name="頭数">
            <value>１頭</value>
          </Data>
          <Data name="発生地域">
            <value>東黒石野三丁目</value>
          </Data>
          <Data name="緯度">
            <value>39.747235</value>
          </Data>
          <Data name="経度">
            <value>141.1559942</value>
          </Data>
          <Data name="説明">
            <value>道路沿いの土手で幼獣１頭を目撃。被害に向かって移動していった。</value>
          </Data>
        </ExtendedData>
        <Point>
          <coordinates>
            141.1559942,39.747235,0
          </coordinates>
        </Point>
      </Placemark>
      <Placemark>
        <name>令和8年3月4日(西松園一丁目)</name>
        <description><![CDATA[出没区分: 01 目撃<br>名前: 令和8年3月4日<br>出没時間: 9:10<br>成獣/幼獣: 幼獣<br>頭数: １頭<br>発生地域: 西松園一丁目<br>緯度: 39.75116572<br>経度: 141.1551564<br>説明: 民家の敷地内で幼獣１頭を目撃。南に向かって移動していった。]]></description>
        <styleUrl>#icon-1759-9C27B0</styleUrl>
        <ExtendedData>
          <Data name="出没区分">
            <value>01 目撃</value>
          </Data>
          <Data name="名前">
            <value>令和8年3月4日</value>
          </Data>
          <Data name="出没時間">
            <value>9:10</value>
          </Data>
          <Data name="成獣/幼獣">
            <value>幼獣</value>
          </Data>
          <Data name="頭数">
            <value>１頭</value>
          </Data>
          <Data name="発生地域">
            <value>西松園一丁目</value>
          </Data>
          <Data name="緯度">
            <value>39.75116572</value>
          </Data>
          <Data name="経度">
            <value>141.1551564</value>
          </Data>
          <Data name="説明">
            <value>民家の敷地内で幼獣１頭を目撃。南に向かって移動していった。</value>
          </Data>
        </ExtendedData>
        <Point>
          <coordinates>
            141.1551564,39.75116572,0
          </coordinates>
        </Point>
      </Placemark>
      <Placemark>
        <name>令和8年3月5日(猪去上平)</name>
        <description><![CDATA[出没区分: 01 目撃<br>名前: 令和8年3月5日<br>出没時間: 17:15<br>成獣/幼獣: 幼獣<br>頭数: １頭<br>発生地域: 猪去上平<br>緯度: 39.67489792<br>経度: 141.0656469<br>説明: 野菜畑の資材置場で幼獣１頭を目撃。西側のリンゴ園跡地方面に移動していった。]]></description>
        <styleUrl>#icon-1759-9C27B0</styleUrl>
        <ExtendedData>
          <Data name="出没区分">
            <value>01 目撃</value>
          </Data>
          <Data name="名前">
            <value>令和8年3月5日</value>
          </Data>
          <Data name="出没時間">
            <value>17:15</value>
          </Data>
          <Data name="成獣/幼獣">
            <value>幼獣</value>
          </Data>
          <Data name="頭数">
            <value>１頭</value>
          </Data>
          <Data name="発生地域">
            <value>猪去上平</value>
          </Data>
          <Data name="緯度">
            <value>39.67489792</value>
          </Data>
          <Data name="経度">
            <value>141.0656469</value>
          </Data>
          <Data name="説明">
            <value>野菜畑の資材置場で幼獣１頭を目撃。西側のリンゴ園跡地方面に移動していった。</value>
          </Data>
        </ExtendedData>
        <Point>
          <coordinates>
            141.0656469,39.67489792,0
          </coordinates>
        </Point>
      </Placemark>
      <Placemark>
        <name>令和8年3月6日(高松一丁目)</name>
        <description><![CDATA[出没区分: 01 目撃<br>名前: 令和8年3月6日<br>出没時間: 18:20<br>成獣/幼獣: 成獣<br> 幼獣<br>頭数: １頭<br> １頭<br>発生地域: 高松一丁目<br>緯度: 39.72076202<br>経度: 141.142717<br>説明: 市立図書館の東側の住宅周辺で親子グマ２頭を目撃。（移動方向不明）]]></description>
        <styleUrl>#icon-1759-9C27B0</styleUrl>
        <ExtendedData>
          <Data name="出没区分">
            <value>01 目撃</value>
          </Data>
          <Data name="名前">
            <value>令和8年3月6日</value>
          </Data>
          <Data name="出没時間">
            <value>18:20</value>
          </Data>
          <Data name="成獣/幼獣">
            <value>成獣
 幼獣</value>
          </Data>
          <Data name="頭数">
            <value>１頭
 １頭</value>
          </Data>
          <Data name="発生地域">
            <value>高松一丁目</value>
          </Data>
          <Data name="緯度">
            <value>39.72076202</value>
          </Data>
          <Data name="経度">
            <value>141.142717</value>
          </Data>
          <Data name="説明">
            <value>市立図書館の東側の住宅周辺で親子グマ２頭を目撃。（移動方向不明）</value>
          </Data>
        </ExtendedData>
        <Point>
          <coordinates>
            141.142717,39.72076202,0
          </coordinates>
        </Point>
      </Placemark>
      <Placemark>
        <name>令和8年3月6日(上田二丁目)</name>
        <description><![CDATA[出没区分: 01 目撃<br>名前: 令和8年3月6日<br>出没時間: 21:00<br>成獣/幼獣: 成獣<br> 幼獣<br>頭数: １頭<br> １頭<br>発生地域: 上田二丁目<br>緯度: 39.71615561<br>経度: 141.1451293<br>説明: 住宅地周辺で親子グマ２頭を目撃。（移動方向不明）]]></description>
        <styleUrl>#icon-1759-9C27B0</styleUrl>
        <ExtendedData>
          <Data name="出没区分">
            <value>01 目撃</value>
          </Data>
          <Data name="名前">
            <value>令和8年3月6日</value>
          </Data>
          <Data name="出没時間">
            <value>21:00</value>
          </Data>
          <Data name="成獣/幼獣">
            <value>成獣
 幼獣</value>
          </Data>
          <Data name="頭数">
            <value>１頭
 １頭</value>
          </Data>
          <Data name="発生地域">
            <value>上田二丁目</value>
          </Data>
          <Data name="緯度">
            <value>39.71615561</value>
          </Data>
          <Data name="経度">
            <value>141.1451293</value>
          </Data>
          <Data name="説明">
            <value>住宅地周辺で親子グマ２頭を目撃。（移動方向不明）</value>
          </Data>
        </ExtendedData>
        <Point>
          <coordinates>
            141.1451293,39.71615561,0
          </coordinates>
        </Point>
      </Placemark>
      <Placemark>
        <name>令和8年3月9日(三ツ割二丁目)</name>
        <description><![CDATA[出没区分: 01 目撃<br>名前: 令和8年3月9日<br>出没時間: 20:35<br>成獣/幼獣: 成獣<br>頭数: １頭<br>発生地域: 三ツ割二丁目<br>緯度: 39.71979189<br>経度: 141.1544985<br>説明: 住宅地周辺の道路で成獣１頭を目撃。西の山林に向かって移動していった。]]></description>
        <styleUrl>#icon-1759-9C27B0</styleUrl>
        <ExtendedData>
          <Data name="出没区分">
            <value>01 目撃</value>
          </Data>
          <Data name="名前">
            <value>令和8年3月9日</value>
          </Data>
          <Data name="出没時間">
            <value>20:35</value>
          </Data>
          <Data name="成獣/幼獣">
            <value>成獣</value>
          </Data>
          <Data name="頭数">
            <value>１頭</value>
          </Data>
          <Data name="発生地域">
            <value>三ツ割二丁目</value>
          </Data>
          <Data name="緯度">
            <value>39.71979189</value>
          </Data>
          <Data name="経度">
            <value>141.1544985</value>
          </Data>
          <Data name="説明">
            <value>住宅地周辺の道路で成獣１頭を目撃。西の山林に向かって移動していった。</value>
          </Data>
        </ExtendedData>
        <Point>
          <coordinates>
            141.1544985,39.71979189,0
          </coordinates>
        </Point>
      </Placemark>
      <Placemark>
        <name>令和8年3月11日(山岸二丁目)</name>
        <description><![CDATA[出没区分: 01 目撃<br>名前: 令和8年3月11日<br>出没時間: 9:20<br>成獣/幼獣: 幼獣<br>頭数: １頭<br>発生地域: 山岸二丁目<br>緯度: 39.71422556<br>経度: 141.1712957<br>説明: 中津川橋付近の河畔を移動する幼獣１頭を目撃。南西（下流側）に向かって移動していった。。]]></description>
        <styleUrl>#icon-1759-9C27B0</styleUrl>
        <ExtendedData>
          <Data name="出没区分">
            <value>01 目撃</value>
          </Data>
          <Data name="名前">
            <value>令和8年3月11日</value>
          </Data>
          <Data name="出没時間">
            <value>9:20</value>
          </Data>
          <Data name="成獣/幼獣">
            <value>幼獣</value>
          </Data>
          <Data name="頭数">
            <value>１頭</value>
          </Data>
          <Data name="発生地域">
            <value>山岸二丁目</value>
          </Data>
          <Data name="緯度">
            <value>39.71422556</value>
          </Data>
          <Data name="経度">
            <value>141.1712957</value>
          </Data>
          <Data name="説明">
            <value>中津川橋付近の河畔を移動する幼獣１頭を目撃。南西（下流側）に向かって移動していった。。</value>
          </Data>
        </ExtendedData>
        <Point>
          <coordinates>
            141.1712957,39.71422556,0
          </coordinates>
        </Point>
      </Placemark>
      <Placemark>
        <name>令和8年3月13日(上田狐崎稲荷)</name>
        <description><![CDATA[出没区分: 01 目撃<br>名前: 令和8年3月13日<br>出没時間: 6:50<br>成獣/幼獣: 成獣<br>頭数: １頭<br>発生地域: 上田狐崎稲荷<br>緯度: 39.7238892<br>経度: 141.1549043<br>説明: 北山トンネル三ツ割側の出入口付近のリンゴ園で成獣１頭を目撃。（移動方向不明）]]></description>
        <styleUrl>#icon-1759-9C27B0</styleUrl>
        <ExtendedData>
          <Data name="出没区分">
            <value>01 目撃</value>
          </Data>
          <Data name="名前">
            <value>令和8年3月13日</value>
          </Data>
          <Data name="出没時間">
            <value>6:50</value>
          </Data>
          <Data name="成獣/幼獣">
            <value>成獣</value>
          </Data>
          <Data name="頭数">
            <value>１頭</value>
          </Data>
          <Data name="発生地域">
            <value>上田狐崎稲荷</value>
          </Data>
          <Data name="緯度">
            <value>39.7238892</value>
          </Data>
          <Data name="経度">
            <value>141.1549043</value>
          </Data>
          <Data name="説明">
            <value>北山トンネル三ツ割側の出入口付近のリンゴ園で成獣１頭を目撃。（移動方向不明）</value>
          </Data>
        </ExtendedData>
        <Point>
          <coordinates>
            141.1549043,39.7238892,0
          </coordinates>
        </Point>
      </Placemark>
      <Placemark>
        <name>令和8年3月13日(名須川町)</name>
        <description><![CDATA[出没区分: 01 目撃<br>名前: 令和8年3月13日<br>出没時間: 23:15<br>成獣/幼獣: 成獣<br>頭数: １頭<br>発生地域: 名須川町<br>緯度: 39.7093707<br>経度: 141.1517017<br>説明: 住宅地周辺でクマらしきもの１頭を目撃。南（本庁通方向）に向かって移動していった。]]></description>
        <styleUrl>#icon-1759-9C27B0</styleUrl>
        <ExtendedData>
          <Data name="出没区分">
            <value>01 目撃</value>
          </Data>
          <Data name="名前">
            <value>令和8年3月13日</value>
          </Data>
          <Data name="出没時間">
            <value>23:15</value>
          </Data>
          <Data name="成獣/幼獣">
            <value>成獣</value>
          </Data>
          <Data name="頭数">
            <value>１頭</value>
          </Data>
          <Data name="発生地域">
            <value>名須川町</value>
          </Data>
          <Data name="緯度">
            <value>39.7093707</value>
          </Data>
          <Data name="経度">
            <value>141.1517017</value>
          </Data>
          <Data name="説明">
            <value>住宅地周辺でクマらしきもの１頭を目撃。南（本庁通方向）に向かって移動していった。</value>
          </Data>
        </ExtendedData>
        <Point>
          <coordinates>
            141.1517017,39.7093707,0
          </coordinates>
        </Point>
      </Placemark>
      <Placemark>
        <name>令和8年3月19日(上田二丁目)</name>
        <description><![CDATA[出没区分: 01 目撃<br>名前: 令和8年3月19日<br>出没時間: 0:30<br>成獣/幼獣: 不明<br>頭数: ２頭<br>発生地域: 上田二丁目<br>緯度: 39.71746342<br>経度: 141.141625<br>説明: 住宅地周辺でクマらしきもの２頭を目撃。（移動方向不明）]]></description>
        <styleUrl>#icon-1759-9C27B0</styleUrl>
        <ExtendedData>
          <Data name="出没区分">
            <value>01 目撃</value>
          </Data>
          <Data name="名前">
            <value>令和8年3月19日</value>
          </Data>
          <Data name="出没時間">
            <value>0:30</value>
          </Data>
          <Data name="成獣/幼獣">
            <value>不明</value>
          </Data>
          <Data name="頭数">
            <value>２頭</value>
          </Data>
          <Data name="発生地域">
            <value>上田二丁目</value>
          </Data>
          <Data name="緯度">
            <value>39.71746342</value>
          </Data>
          <Data name="経度">
            <value>141.141625</value>
          </Data>
          <Data name="説明">
            <value>住宅地周辺でクマらしきもの２頭を目撃。（移動方向不明）</value>
          </Data>
        </ExtendedData>
        <Point>
          <coordinates>
            141.141625,39.71746342,0
          </coordinates>
        </Point>
      </Placemark>
      <Placemark>
        <name>令和8年3月24日(湯沢西一丁目)</name>
        <description><![CDATA[出没区分: 01 目撃<br>名前: 令和8年3月24日<br>出没時間: 18:20<br>成獣/幼獣: 成獣<br> 幼獣<br>頭数: １頭<br> １頭<br>発生地域: 湯沢西一丁目<br>緯度: 39.64471015<br>経度: 141.0970872<br>説明: 道路で親子グマ２頭を目撃。西の山林に向かって移動していった。]]></description>
        <styleUrl>#icon-1759-9C27B0</styleUrl>
        <ExtendedData>
          <Data name="出没区分">
            <value>01 目撃</value>
          </Data>
          <Data name="名前">
            <value>令和8年3月24日</value>
          </Data>
          <Data name="出没時間">
            <value>18:20</value>
          </Data>
          <Data name="成獣/幼獣">
            <value>成獣
 幼獣</value>
          </Data>
          <Data name="頭数">
            <value>１頭
 １頭</value>
          </Data>
          <Data name="発生地域">
            <value>湯沢西一丁目</value>
          </Data>
          <Data name="緯度">
            <value>39.64471015</value>
          </Data>
          <Data name="経度">
            <value>141.0970872</value>
          </Data>
          <Data name="説明">
            <value>道路で親子グマ２頭を目撃。西の山林に向かって移動していった。</value>
          </Data>
        </ExtendedData>
        <Point>
          <coordinates>
            141.0970872,39.64471015,0
          </coordinates>
        </Point>
      </Placemark>
      <Placemark>
        <name>令和8年3月25日(上田字稲荷窪)</name>
        <description><![CDATA[出没区分: 01 目撃<br>名前: 令和8年3月25日<br>出没時間: 10:14<br>成獣/幼獣: 幼獣<br>頭数: １頭<br>発生地域: 上田字稲荷窪<br>緯度: 39.7241763<br>経度: 141.1542836<br>説明: 北山トンネル三ツ割側の出入口付近で幼獣１頭を目撃。西に向かって移動していった。]]></description>
        <styleUrl>#icon-1759-9C27B0</styleUrl>
        <ExtendedData>
          <Data name="出没区分">
            <value>01 目撃</value>
          </Data>
          <Data name="名前">
            <value>令和8年3月25日</value>
          </Data>
          <Data name="出没時間">
            <value>10:14</value>
          </Data>
          <Data name="成獣/幼獣">
            <value>幼獣</value>
          </Data>
          <Data name="頭数">
            <value>１頭</value>
          </Data>
          <Data name="発生地域">
            <value>上田字稲荷窪</value>
          </Data>
          <Data name="緯度">
            <value>39.7241763</value>
          </Data>
          <Data name="経度">
            <value>141.1542836</value>
          </Data>
          <Data name="説明">
            <value>北山トンネル三ツ割側の出入口付近で幼獣１頭を目撃。西に向かって移動していった。</value>
          </Data>
        </ExtendedData>
        <Point>
          <coordinates>
            141.1542836,39.7241763,0
          </coordinates>
        </Point>
      </Placemark>
      <Placemark>
        <name>令和8年3月26日(三ツ割二丁目)</name>
        <description><![CDATA[出没区分: 01 目撃<br>名前: 令和8年3月26日<br>出没時間: 0:00<br>成獣/幼獣: 成獣<br>頭数: １頭<br>発生地域: 三ツ割二丁目<br>緯度: 39.72002831<br>経度: 141.1549159<br>説明: 道路で成獣１頭を目撃。（移動方向不明）]]></description>
        <styleUrl>#icon-1759-9C27B0</styleUrl>
        <ExtendedData>
          <Data name="出没区分">
            <value>01 目撃</value>
          </Data>
          <Data name="名前">
            <value>令和8年3月26日</value>
          </Data>
          <Data name="出没時間">
            <value>0:00</value>
          </Data>
          <Data name="成獣/幼獣">
            <value>成獣</value>
          </Data>
          <Data name="頭数">
            <value>１頭</value>
          </Data>
          <Data name="発生地域">
            <value>三ツ割二丁目</value>
          </Data>
          <Data name="緯度">
            <value>39.72002831</value>
          </Data>
          <Data name="経度">
            <value>141.1549159</value>
          </Data>
          <Data name="説明">
            <value>道路で成獣１頭を目撃。（移動方向不明）</value>
          </Data>
        </ExtendedData>
        <Point>
          <coordinates>
            141.1549159,39.72002831,0
          </coordinates>
        </Point>
      </Placemark>
      <Placemark>
        <name>令和8年3月27日(三ツ割字鉢ノ皮)</name>
        <description><![CDATA[出没区分: 01 目撃<br>名前: 令和8年3月27日<br>出没時間: 11:20<br>成獣/幼獣: 幼獣<br>頭数: １頭<br>発生地域: 三ツ割字鉢ノ皮<br>緯度: 39.73833364<br>経度: 141.1598659<br>説明: 道路で幼獣１頭を目撃。北に向かって移動していった。]]></description>
        <styleUrl>#icon-1759-9C27B0</styleUrl>
        <ExtendedData>
          <Data name="出没区分">
            <value>01 目撃</value>
          </Data>
          <Data name="名前">
            <value>令和8年3月27日</value>
          </Data>
          <Data name="出没時間">
            <value>11:20</value>
          </Data>
          <Data name="成獣/幼獣">
            <value>幼獣</value>
          </Data>
          <Data name="頭数">
            <value>１頭</value>
          </Data>
          <Data name="発生地域">
            <value>三ツ割字鉢ノ皮</value>
          </Data>
          <Data name="緯度">
            <value>39.73833364</value>
          </Data>
          <Data name="経度">
            <value>141.1598659</value>
          </Data>
          <Data name="説明">
            <value>道路で幼獣１頭を目撃。北に向かって移動していった。</value>
          </Data>
        </ExtendedData>
        <Point>
          <coordinates>
            141.1598659,39.73833364,0
          </coordinates>
        </Point>
      </Placemark>
      <Placemark>
        <name>令和8年4月1日(小鳥沢２丁目)</name>
        <description><![CDATA[出没区分: 01 目撃<br>名前: 令和8年4月1日<br>出没時間: 13:11<br>成獣/幼獣: 成獣<br>頭数: 1頭<br>発生地域: 小鳥沢２丁目<br>緯度: 39.76638122<br>経度: 141.1706286<br>説明: 小鳥沢薬局付近で車から成獣１頭を目撃。左手側ののり面に移動していった。]]></description>
        <styleUrl>#icon-1759-FFEA00</styleUrl>
        <ExtendedData>
          <Data name="出没区分">
            <value>01 目撃</value>
          </Data>
          <Data name="名前">
            <value>令和8年4月1日</value>
          </Data>
          <Data name="出没時間">
            <value>13:11</value>
          </Data>
          <Data name="成獣/幼獣">
            <value>成獣</value>
          </Data>
          <Data name="頭数">
            <value>1頭</value>
          </Data>
          <Data name="発生地域">
            <value>小鳥沢２丁目</value>
          </Data>
          <Data name="緯度">
            <value>39.76638122</value>
          </Data>
          <Data name="経度">
            <value>141.1706286</value>
          </Data>
          <Data name="説明">
            <value>小鳥沢薬局付近で車から成獣１頭を目撃。左手側ののり面に移動していった。</value>
          </Data>
        </ExtendedData>
        <Point>
          <coordinates>
            141.1706286,39.76638122,0
          </coordinates>
        </Point>
      </Placemark>
      <Placemark>
        <name>令和8年4月1日(大ケ生22地割)</name>
        <description><![CDATA[出没区分: 01 目撃<br>名前: 令和8年4月1日<br>出没時間: 17:30<br>成獣/幼獣: 成獣<br>頭数: 1頭<br>発生地域: 大ケ生22地割<br>緯度: 39.61308585<br>経度: 141.236212<br>説明: 瀧源寺の入り口付近で成獣１頭を目撃。東の山林に向かって移動していった。]]></description>
        <styleUrl>#icon-1759-FFEA00</styleUrl>
        <ExtendedData>
          <Data name="出没区分">
            <value>01 目撃</value>
          </Data>
          <Data name="名前">
            <value>令和8年4月1日</value>
          </Data>
          <Data name="出没時間">
            <value>17:30</value>
          </Data>
          <Data name="成獣/幼獣">
            <value>成獣</value>
          </Data>
          <Data name="頭数">
            <value>1頭</value>
          </Data>
          <Data name="発生地域">
            <value>大ケ生22地割</value>
          </Data>
          <Data name="緯度">
            <value>39.61308585</value>
          </Data>
          <Data name="経度">
            <value>141.236212</value>
          </Data>
          <Data name="説明">
            <value>瀧源寺の入り口付近で成獣１頭を目撃。東の山林に向かって移動していった。</value>
          </Data>
        </ExtendedData>
        <Point>
          <coordinates>
            141.236212,39.61308585,0
          </coordinates>
        </Point>
      </Placemark>
      <Placemark>
        <name>令和8年4月2日(簗川第１地割)</name>
        <description><![CDATA[出没区分: 02 痕跡<br>名前: 令和8年4月2日<br>出没時間: 不明<br>成獣/幼獣: 成獣<br>頭数: 不明<br>発生地域: 簗川第１地割<br>緯度: 39.672386<br>経度: 141.3548911<br>説明: 養鶏場敷地周辺でクマと思われる痕跡を確認。]]></description>
        <styleUrl>#icon-1759-FFEA00</styleUrl>
        <ExtendedData>
          <Data name="出没区分">
            <value>02 痕跡</value>
          </Data>
          <Data name="名前">
            <value>令和8年4月2日</value>
          </Data>
          <Data name="出没時間">
            <value>不明</value>
          </Data>
          <Data name="成獣/幼獣">
            <value>成獣</value>
          </Data>
          <Data name="頭数">
            <value>不明</value>
          </Data>
          <Data name="発生地域">
            <value>簗川第１地割</value>
          </Data>
          <Data name="緯度">
            <value>39.672386</value>
          </Data>
          <Data name="経度">
            <value>141.3548911</value>
          </Data>
          <Data name="説明">
            <value>養鶏場敷地周辺でクマと思われる痕跡を確認。</value>
          </Data>
        </ExtendedData>
        <Point>
          <coordinates>
            141.3548911,39.672386,0
          </coordinates>
        </Point>
      </Placemark>
      <Placemark>
        <name>令和8年4月6日(手代森12地割)</name>
        <description><![CDATA[出没区分: 01 目撃<br>名前: 令和8年4月6日<br>出没時間: 18:15<br>成獣/幼獣: 成獣<br>頭数: 1頭<br>発生地域: 手代森12地割<br>緯度: 39.65694681<br>経度: 141.190501<br>説明: 民家敷地内で成獣１頭を目撃。（移動方向不明）]]></description>
        <styleUrl>#icon-1759-FFEA00</styleUrl>
        <ExtendedData>
          <Data name="出没区分">
            <value>01 目撃</value>
          </Data>
          <Data name="名前">
            <value>令和8年4月6日</value>
          </Data>
          <Data name="出没時間">
            <value>18:15</value>
          </Data>
          <Data name="成獣/幼獣">
            <value>成獣</value>
          </Data>
          <Data name="頭数">
            <value>1頭</value>
          </Data>
          <Data name="発生地域">
            <value>手代森12地割</value>
          </Data>
          <Data name="緯度">
            <value>39.65694681</value>
          </Data>
          <Data name="経度">
            <value>141.190501</value>
          </Data>
          <Data name="説明">
            <value>民家敷地内で成獣１頭を目撃。（移動方向不明）</value>
          </Data>
        </ExtendedData>
        <Point>
          <coordinates>
            141.190501,39.65694681,0
          </coordinates>
        </Point>
      </Placemark>
      <Placemark>
        <name>令和8年4月8日(手代森12地割)</name>
        <description><![CDATA[出没区分: 01 目撃<br>名前: 令和8年4月8日<br>出没時間: 17:45<br>成獣/幼獣: 成獣<br>頭数: 1頭<br>発生地域: 手代森12地割<br>緯度: 39.65688465<br>経度: 141.1897424<br>説明: 沢目自治公民館付近で成獣１頭を目撃。（移動方向不明）]]></description>
        <styleUrl>#icon-1759-FFEA00</styleUrl>
        <ExtendedData>
          <Data name="出没区分">
            <value>01 目撃</value>
          </Data>
          <Data name="名前">
            <value>令和8年4月8日</value>
          </Data>
          <Data name="出没時間">
            <value>17:45</value>
          </Data>
          <Data name="成獣/幼獣">
            <value>成獣</value>
          </Data>
          <Data name="頭数">
            <value>1頭</value>
          </Data>
          <Data name="発生地域">
            <value>手代森12地割</value>
          </Data>
          <Data name="緯度">
            <value>39.65688465</value>
          </Data>
          <Data name="経度">
            <value>141.1897424</value>
          </Data>
          <Data name="説明">
            <value>沢目自治公民館付近で成獣１頭を目撃。（移動方向不明）</value>
          </Data>
        </ExtendedData>
        <Point>
          <coordinates>
            141.1897424,39.65688465,0
          </coordinates>
        </Point>
      </Placemark>
      <Placemark>
        <name>令和8年4月8日(東松園四丁目)</name>
        <description><![CDATA[出没区分: 01 目撃<br>名前: 令和8年4月8日<br>出没時間: 18:50<br>成獣/幼獣: 幼獣<br>頭数: 1頭<br>発生地域: 東松園四丁目<br>緯度: 39.76074794<br>経度: 141.1609068<br>説明: 松園こども自然観察園で幼獣１頭を目撃。近くの藪に向かって移動していった。]]></description>
        <styleUrl>#icon-1759-FFEA00</styleUrl>
        <ExtendedData>
          <Data name="出没区分">
            <value>01 目撃</value>
          </Data>
          <Data name="名前">
            <value>令和8年4月8日</value>
          </Data>
          <Data name="出没時間">
            <value>18:50</value>
          </Data>
          <Data name="成獣/幼獣">
            <value>幼獣</value>
          </Data>
          <Data name="頭数">
            <value>1頭</value>
          </Data>
          <Data name="発生地域">
            <value>東松園四丁目</value>
          </Data>
          <Data name="緯度">
            <value>39.76074794</value>
          </Data>
          <Data name="経度">
            <value>141.1609068</value>
          </Data>
          <Data name="説明">
            <value>松園こども自然観察園で幼獣１頭を目撃。近くの藪に向かって移動していった。</value>
          </Data>
        </ExtendedData>
        <Point>
          <coordinates>
            141.1609068,39.76074794,0
          </coordinates>
        </Point>
      </Placemark>
      <Placemark>
        <name>令和8年4月8日(手代森12地割)</name>
        <description><![CDATA[出没区分: 01 目撃<br>名前: 令和8年4月8日<br>出没時間: 20:10<br>成獣/幼獣: 成獣<br>頭数: 1頭<br>発生地域: 手代森12地割<br>緯度: 39.65688465<br>経度: 141.1897424<br>説明: 沢目自治公民館付近で成獣１頭を目撃。（移動方向不明）]]></description>
        <styleUrl>#icon-1759-FFEA00</styleUrl>
        <ExtendedData>
          <Data name="出没区分">
            <value>01 目撃</value>
          </Data>
          <Data name="名前">
            <value>令和8年4月8日</value>
          </Data>
          <Data name="出没時間">
            <value>20:10</value>
          </Data>
          <Data name="成獣/幼獣">
            <value>成獣</value>
          </Data>
          <Data name="頭数">
            <value>1頭</value>
          </Data>
          <Data name="発生地域">
            <value>手代森12地割</value>
          </Data>
          <Data name="緯度">
            <value>39.65688465</value>
          </Data>
          <Data name="経度">
            <value>141.1897424</value>
          </Data>
          <Data name="説明">
            <value>沢目自治公民館付近で成獣１頭を目撃。（移動方向不明）</value>
          </Data>
        </ExtendedData>
        <Point>
          <coordinates>
            141.1897424,39.65688465,0
          </coordinates>
        </Point>
      </Placemark>
      <Placemark>
        <name>令和8年4月13日(上堂三丁目)</name>
        <description><![CDATA[出没区分: 01 目撃<br>名前: 令和8年4月13日<br>出没時間: 22:30<br>成獣/幼獣: 幼獣<br>頭数: 1頭<br>発生地域: 上堂三丁目<br>緯度: 39.72862103<br>経度: 141.1267067<br>説明: 住宅地を東側に移動する幼獣１頭を目撃。]]></description>
        <styleUrl>#icon-1759-FFEA00</styleUrl>
        <ExtendedData>
          <Data name="出没区分">
            <value>01 目撃</value>
          </Data>
          <Data name="名前">
            <value>令和8年4月13日</value>
          </Data>
          <Data name="出没時間">
            <value>22:30</value>
          </Data>
          <Data name="成獣/幼獣">
            <value>幼獣</value>
          </Data>
          <Data name="頭数">
            <value>1頭</value>
          </Data>
          <Data name="発生地域">
            <value>上堂三丁目</value>
          </Data>
          <Data name="緯度">
            <value>39.72862103</value>
          </Data>
          <Data name="経度">
            <value>141.1267067</value>
          </Data>
          <Data name="説明">
            <value>住宅地を東側に移動する幼獣１頭を目撃。</value>
          </Data>
        </ExtendedData>
        <Point>
          <coordinates>
            141.1267067,39.72862103,0
          </coordinates>
        </Point>
      </Placemark>
      <Placemark>
        <name>令和8年4月14日(渋民字長渡)</name>
        <description><![CDATA[出没区分: 02 痕跡<br>名前: 令和8年4月14日<br>出没時間: 11:00<br>成獣/幼獣: 成獣<br>頭数: 1<br>発生地域: 渋民字長渡<br>緯度: 39.843317<br>経度: 141.172674<br>説明: 休屋（トイレ）の外壁に、ツキノワグマのものと思われる爪痕がある。]]></description>
        <styleUrl>#icon-1759-FFEA00</styleUrl>
        <ExtendedData>
          <Data name="出没区分">
            <value>02 痕跡</value>
          </Data>
          <Data name="名前">
            <value>令和8年4月14日</value>
          </Data>
          <Data name="出没時間">
            <value>11:00</value>
          </Data>
          <Data name="成獣/幼獣">
            <value>成獣</value>
          </Data>
          <Data name="頭数">
            <value>1</value>
          </Data>
          <Data name="発生地域">
            <value>渋民字長渡</value>
          </Data>
          <Data name="緯度">
            <value>39.843317</value>
          </Data>
          <Data name="経度">
            <value>141.172674</value>
          </Data>
          <Data name="説明">
            <value>休屋（トイレ）の外壁に、ツキノワグマのものと思われる爪痕がある。</value>
          </Data>
        </ExtendedData>
        <Point>
          <coordinates>
            141.172674,39.843317,0
          </coordinates>
        </Point>
      </Placemark>
      <Placemark>
        <name>令和8年4月14日(山岸二丁目)</name>
        <description><![CDATA[出没区分: 01 目撃<br>名前: 令和8年4月14日<br>出没時間: 21:50<br>成獣/幼獣: 幼獣<br>頭数: 1頭<br>発生地域: 山岸二丁目<br>緯度: 39.71533404<br>経度: 141.1668682<br>説明: 住宅地で幼獣１頭を目撃。（移動方向不明）]]></description>
        <styleUrl>#icon-1759-FFEA00</styleUrl>
        <ExtendedData>
          <Data name="出没区分">
            <value>01 目撃</value>
          </Data>
          <Data name="名前">
            <value>令和8年4月14日</value>
          </Data>
          <Data name="出没時間">
            <value>21:50</value>
          </Data>
          <Data name="成獣/幼獣">
            <value>幼獣</value>
          </Data>
          <Data name="頭数">
            <value>1頭</value>
          </Data>
          <Data name="発生地域">
            <value>山岸二丁目</value>
          </Data>
          <Data name="緯度">
            <value>39.71533404</value>
          </Data>
          <Data name="経度">
            <value>141.1668682</value>
          </Data>
          <Data name="説明">
            <value>住宅地で幼獣１頭を目撃。（移動方向不明）</value>
          </Data>
        </ExtendedData>
        <Point>
          <coordinates>
            141.1668682,39.71533404,0
          </coordinates>
        </Point>
      </Placemark>
      <Placemark>
        <name>令和8年4月15日(黒石野一丁目)</name>
        <description><![CDATA[出没区分: 01 目撃<br>名前: 令和8年4月15日<br>出没時間: 16:00<br>成獣/幼獣: 幼獣<br>頭数: 1頭<br>発生地域: 黒石野一丁目<br>緯度: 39.7399983<br>経度: 141.148261<br>説明: 緑が丘小学校付近で幼獣１頭を目撃。（移動方向不明）]]></description>
        <styleUrl>#icon-1759-FFEA00</styleUrl>
        <ExtendedData>
          <Data name="出没区分">
            <value>01 目撃</value>
          </Data>
          <Data name="名前">
            <value>令和8年4月15日</value>
          </Data>
          <Data name="出没時間">
            <value>16:00</value>
          </Data>
          <Data name="成獣/幼獣">
            <value>幼獣</value>
          </Data>
          <Data name="頭数">
            <value>1頭</value>
          </Data>
          <Data name="発生地域">
            <value>黒石野一丁目</value>
          </Data>
          <Data name="緯度">
            <value>39.7399983</value>
          </Data>
          <Data name="経度">
            <value>141.148261</value>
          </Data>
          <Data name="説明">
            <value>緑が丘小学校付近で幼獣１頭を目撃。（移動方向不明）</value>
          </Data>
        </ExtendedData>
        <Point>
          <coordinates>
            141.148261,39.7399983,0
          </coordinates>
        </Point>
      </Placemark>
      <Placemark>
        <name>令和8年4月18日(湯沢16地割)</name>
        <description><![CDATA[出没区分: 01 目撃<br>名前: 令和8年4月18日<br>出没時間: 6:05<br>成獣/幼獣: 成獣<br>頭数: 1頭<br>発生地域: 湯沢16地割<br>緯度: 39.65265263<br>経度: 141.1135709<br>説明: 県道沿いで成獣１頭を目撃。（移動方向不明）]]></description>
        <styleUrl>#icon-1759-FFEA00</styleUrl>
        <ExtendedData>
          <Data name="出没区分">
            <value>01 目撃</value>
          </Data>
          <Data name="名前">
            <value>令和8年4月18日</value>
          </Data>
          <Data name="出没時間">
            <value>6:05</value>
          </Data>
          <Data name="成獣/幼獣">
            <value>成獣</value>
          </Data>
          <Data name="頭数">
            <value>1頭</value>
          </Data>
          <Data name="発生地域">
            <value>湯沢16地割</value>
          </Data>
          <Data name="緯度">
            <value>39.65265263</value>
          </Data>
          <Data name="経度">
            <value>141.1135709</value>
          </Data>
          <Data name="説明">
            <value>県道沿いで成獣１頭を目撃。（移動方向不明）</value>
          </Data>
        </ExtendedData>
        <Point>
          <coordinates>
            141.1135709,39.65265263,0
          </coordinates>
        </Point>
      </Placemark>
      <Placemark>
        <name>令和8年4月18日(下田字牡丹野)</name>
        <description><![CDATA[出没区分: 01 目撃<br>名前: 令和8年4月18日<br>出没時間: 9:50<br>成獣/幼獣: 成獣<br>頭数: 1頭<br>発生地域: 下田字牡丹野<br>緯度: 39.845524<br>経度: 141.159403<br>説明: 下田橋から線路側に歩いていくツキノワグマ１頭を目撃した。]]></description>
        <styleUrl>#icon-1759-FFEA00</styleUrl>
        <ExtendedData>
          <Data name="出没区分">
            <value>01 目撃</value>
          </Data>
          <Data name="名前">
            <value>令和8年4月18日</value>
          </Data>
          <Data name="出没時間">
            <value>9:50</value>
          </Data>
          <Data name="成獣/幼獣">
            <value>成獣</value>
          </Data>
          <Data name="頭数">
            <value>1頭</value>
          </Data>
          <Data name="発生地域">
            <value>下田字牡丹野</value>
          </Data>
          <Data name="緯度">
            <value>39.845524</value>
          </Data>
          <Data name="経度">
            <value>141.159403</value>
          </Data>
          <Data name="説明">
            <value>下田橋から線路側に歩いていくツキノワグマ１頭を目撃した。</value>
          </Data>
        </ExtendedData>
        <Point>
          <coordinates>
            141.159403,39.845524,0
          </coordinates>
        </Point>
      </Placemark>
      <Placemark>
        <name>令和8年4月18日(下田字生出袋)</name>
        <description><![CDATA[出没区分: 01 目撃<br>名前: 令和8年4月18日<br>出没時間: 10:00<br>成獣/幼獣: 成獣<br>頭数: 1頭<br>発生地域: 下田字生出袋<br>緯度: 39.845885<br>経度: 141.157668<br>説明: 喜雲寺裏の川を歩くツキノワグマ１頭を目撃した。]]></description>
        <styleUrl>#icon-1759-FFEA00</styleUrl>
        <ExtendedData>
          <Data name="出没区分">
            <value>01 目撃</value>
          </Data>
          <Data name="名前">
            <value>令和8年4月18日</value>
          </Data>
          <Data name="出没時間">
            <value>10:00</value>
          </Data>
          <Data name="成獣/幼獣">
            <value>成獣</value>
          </Data>
          <Data name="頭数">
            <value>1頭</value>
          </Data>
          <Data name="発生地域">
            <value>下田字生出袋</value>
          </Data>
          <Data name="緯度">
            <value>39.845885</value>
          </Data>
          <Data name="経度">
            <value>141.157668</value>
          </Data>
          <Data name="説明">
            <value>喜雲寺裏の川を歩くツキノワグマ１頭を目撃した。</value>
          </Data>
        </ExtendedData>
        <Point>
          <coordinates>
            141.157668,39.845885,0
          </coordinates>
        </Point>
      </Placemark>
      <Placemark>
        <name>令和8年4月18日(下田字仲平)</name>
        <description><![CDATA[出没区分: 01 目撃<br>名前: 令和8年4月18日<br>出没時間: 12:35<br>成獣/幼獣: 成獣<br>頭数: 1頭<br>発生地域: 下田字仲平<br>緯度: 39.855639<br>経度: 141.111866<br>説明: 運転免許センター付近を歩くツキノワグマ１頭を目撃した。小さい個体だった。]]></description>
        <styleUrl>#icon-1759-FFEA00</styleUrl>
        <ExtendedData>
          <Data name="出没区分">
            <value>01 目撃</value>
          </Data>
          <Data name="名前">
            <value>令和8年4月18日</value>
          </Data>
          <Data name="出没時間">
            <value>12:35</value>
          </Data>
          <Data name="成獣/幼獣">
            <value>成獣</value>
          </Data>
          <Data name="頭数">
            <value>1頭</value>
          </Data>
          <Data name="発生地域">
            <value>下田字仲平</value>
          </Data>
          <Data name="緯度">
            <value>39.855639</value>
          </Data>
          <Data name="経度">
            <value>141.111866</value>
          </Data>
          <Data name="説明">
            <value>運転免許センター付近を歩くツキノワグマ１頭を目撃した。小さい個体だった。</value>
          </Data>
        </ExtendedData>
        <Point>
          <coordinates>
            141.111866,39.855639,0
          </coordinates>
        </Point>
      </Placemark>
      <Placemark>
        <name>令和8年4月18日(猪去上猪去)</name>
        <description><![CDATA[出没区分: 01 目撃<br>名前: 令和8年4月18日<br>出没時間: 16:15<br>成獣/幼獣: 成獣<br>頭数: 1頭<br>発生地域: 猪去上猪去<br>緯度: 39.67979385<br>経度: 141.0645768<br>説明: 幼獣１頭を目撃。西側の雑木林の方向に移動していった。]]></description>
        <styleUrl>#icon-1759-FFEA00</styleUrl>
        <ExtendedData>
          <Data name="出没区分">
            <value>01 目撃</value>
          </Data>
          <Data name="名前">
            <value>令和8年4月18日</value>
          </Data>
          <Data name="出没時間">
            <value>16:15</value>
          </Data>
          <Data name="成獣/幼獣">
            <value>成獣</value>
          </Data>
          <Data name="頭数">
            <value>1頭</value>
          </Data>
          <Data name="発生地域">
            <value>猪去上猪去</value>
          </Data>
          <Data name="緯度">
            <value>39.67979385</value>
          </Data>
          <Data name="経度">
            <value>141.0645768</value>
          </Data>
          <Data name="説明">
            <value>幼獣１頭を目撃。西側の雑木林の方向に移動していった。</value>
          </Data>
        </ExtendedData>
        <Point>
          <coordinates>
            141.0645768,39.67979385,0
          </coordinates>
        </Point>
      </Placemark>
      <Placemark>
        <name>令和8年4月21日(好摩字野中)</name>
        <description><![CDATA[出没区分: 01 目撃<br>名前: 令和8年4月21日<br>出没時間: 9:40<br>成獣/幼獣: 成獣<br>頭数: 1頭<br>発生地域: 好摩字野中<br>緯度: 39.879691<br>経度: 141.166832<br>説明: 好摩保育園付近で成獣１頭を目撃。西に移動していった。]]></description>
        <styleUrl>#icon-1759-FFEA00</styleUrl>
        <ExtendedData>
          <Data name="出没区分">
            <value>01 目撃</value>
          </Data>
          <Data name="名前">
            <value>令和8年4月21日</value>
          </Data>
          <Data name="出没時間">
            <value>9:40</value>
          </Data>
          <Data name="成獣/幼獣">
            <value>成獣</value>
          </Data>
          <Data name="頭数">
            <value>1頭</value>
          </Data>
          <Data name="発生地域">
            <value>好摩字野中</value>
          </Data>
          <Data name="緯度">
            <value>39.879691</value>
          </Data>
          <Data name="経度">
            <value>141.166832</value>
          </Data>
          <Data name="説明">
            <value>好摩保育園付近で成獣１頭を目撃。西に移動していった。</value>
          </Data>
        </ExtendedData>
        <Point>
          <coordinates>
            141.166832,39.879691,0
          </coordinates>
        </Point>
      </Placemark>
      <Placemark>
        <name>令和8年4月21日(乙部２地割)</name>
        <description><![CDATA[出没区分: 01 目撃<br>名前: 令和8年4月21日<br>出没時間: 17:50<br>成獣/幼獣: 成獣<br>頭数: 1頭<br>発生地域: 乙部２地割<br>緯度: 39.61593497<br>経度: 141.1971443<br>説明: 乙部２地割付近の草地で成獣１頭を目撃。南東（都南東小学校）へ移動していった。]]></description>
        <styleUrl>#icon-1759-FFEA00</styleUrl>
        <ExtendedData>
          <Data name="出没区分">
            <value>01 目撃</value>
          </Data>
          <Data name="名前">
            <value>令和8年4月21日</value>
          </Data>
          <Data name="出没時間">
            <value>17:50</value>
          </Data>
          <Data name="成獣/幼獣">
            <value>成獣</value>
          </Data>
          <Data name="頭数">
            <value>1頭</value>
          </Data>
          <Data name="発生地域">
            <value>乙部２地割</value>
          </Data>
          <Data name="緯度">
            <value>39.61593497</value>
          </Data>
          <Data name="経度">
            <value>141.1971443</value>
          </Data>
          <Data name="説明">
            <value>乙部２地割付近の草地で成獣１頭を目撃。南東（都南東小学校）へ移動していった。</value>
          </Data>
        </ExtendedData>
        <Point>
          <coordinates>
            141.1971443,39.61593497,0
          </coordinates>
        </Point>
      </Placemark>
      <Placemark>
        <name>令和8年4月22日(浅岸字二ツ森)</name>
        <description><![CDATA[出没区分: 01 目撃<br>名前: 令和8年4月22日<br>出没時間: 15:35<br>成獣/幼獣: 成獣<br>頭数: 1頭<br>発生地域: 浅岸字二ツ森<br>緯度: 39.71086156<br>経度: 141.2038551<br>説明: 綱取ダム周辺で成獣１頭を目撃。南に移動していった。]]></description>
        <styleUrl>#icon-1759-FFEA00</styleUrl>
        <ExtendedData>
          <Data name="出没区分">
            <value>01 目撃</value>
          </Data>
          <Data name="名前">
            <value>令和8年4月22日</value>
          </Data>
          <Data name="出没時間">
            <value>15:35</value>
          </Data>
          <Data name="成獣/幼獣">
            <value>成獣</value>
          </Data>
          <Data name="頭数">
            <value>1頭</value>
          </Data>
          <Data name="発生地域">
            <value>浅岸字二ツ森</value>
          </Data>
          <Data name="緯度">
            <value>39.71086156</value>
          </Data>
          <Data name="経度">
            <value>141.2038551</value>
          </Data>
          <Data name="説明">
            <value>綱取ダム周辺で成獣１頭を目撃。南に移動していった。</value>
          </Data>
        </ExtendedData>
        <Point>
          <coordinates>
            141.2038551,39.71086156,0
          </coordinates>
        </Point>
      </Placemark>
      <Placemark>
        <name>令和8年4月26日(浅岸字二ツ森)</name>
        <description><![CDATA[出没区分: 01 目撃<br>名前: 令和8年4月26日<br>出没時間: 9:50<br>成獣/幼獣: 成獣<br>頭数: 1頭<br>発生地域: 浅岸字二ツ森<br>緯度: 39.71759861<br>経度: 141.2068701<br>説明: 綱取スポーツセンター付近で成獣１頭が木に登っているところを目撃。]]></description>
        <styleUrl>#icon-1759-FFEA00</styleUrl>
        <ExtendedData>
          <Data name="出没区分">
            <value>01 目撃</value>
          </Data>
          <Data name="名前">
            <value>令和8年4月26日</value>
          </Data>
          <Data name="出没時間">
            <value>9:50</value>
          </Data>
          <Data name="成獣/幼獣">
            <value>成獣</value>
          </Data>
          <Data name="頭数">
            <value>1頭</value>
          </Data>
          <Data name="発生地域">
            <value>浅岸字二ツ森</value>
          </Data>
          <Data name="緯度">
            <value>39.71759861</value>
          </Data>
          <Data name="経度">
            <value>141.2068701</value>
          </Data>
          <Data name="説明">
            <value>綱取スポーツセンター付近で成獣１頭が木に登っているところを目撃。</value>
          </Data>
        </ExtendedData>
        <Point>
          <coordinates>
            141.2068701,39.71759861,0
          </coordinates>
        </Point>
      </Placemark>
      <Placemark>
        <name>令和8年4月27日(上米内字松木平)</name>
        <description><![CDATA[出没区分: 01 目撃<br>名前: 令和8年4月27日<br>出没時間: 7:30<br>成獣/幼獣: 成獣<br>頭数: 1頭<br>発生地域: 上米内字松木平<br>緯度: 39.74071345<br>経度: 141.1952775<br>説明: 松野橋付近で成獣１頭を目撃。山林に向かって移動していった。（移動方向不明）]]></description>
        <styleUrl>#icon-1759-FFEA00</styleUrl>
        <ExtendedData>
          <Data name="出没区分">
            <value>01 目撃</value>
          </Data>
          <Data name="名前">
            <value>令和8年4月27日</value>
          </Data>
          <Data name="出没時間">
            <value>7:30</value>
          </Data>
          <Data name="成獣/幼獣">
            <value>成獣</value>
          </Data>
          <Data name="頭数">
            <value>1頭</value>
          </Data>
          <Data name="発生地域">
            <value>上米内字松木平</value>
          </Data>
          <Data name="緯度">
            <value>39.74071345</value>
          </Data>
          <Data name="経度">
            <value>141.1952775</value>
          </Data>
          <Data name="説明">
            <value>松野橋付近で成獣１頭を目撃。山林に向かって移動していった。（移動方向不明）</value>
          </Data>
        </ExtendedData>
        <Point>
          <coordinates>
            141.1952775,39.74071345,0
          </coordinates>
        </Point>
      </Placemark>
      <Placemark>
        <name>令和8年4月27日(土淵万徳)</name>
        <description><![CDATA[出没区分: 01 目撃<br>名前: 令和8年4月27日<br>出没時間: 14:00<br>成獣/幼獣: 成獣<br>頭数: 1頭<br>発生地域: 土淵万徳<br>緯度: 39.72110657<br>経度: 141.0800833<br>説明: 水田地帯で成獣１頭を目撃。徐々に東に移動し、住宅付近に居座っている。]]></description>
        <styleUrl>#icon-1759-FFEA00</styleUrl>
        <ExtendedData>
          <Data name="出没区分">
            <value>01 目撃</value>
          </Data>
          <Data name="名前">
            <value>令和8年4月27日</value>
          </Data>
          <Data name="出没時間">
            <value>14:00</value>
          </Data>
          <Data name="成獣/幼獣">
            <value>成獣</value>
          </Data>
          <Data name="頭数">
            <value>1頭</value>
          </Data>
          <Data name="発生地域">
            <value>土淵万徳</value>
          </Data>
          <Data name="緯度">
            <value>39.72110657</value>
          </Data>
          <Data name="経度">
            <value>141.0800833</value>
          </Data>
          <Data name="説明">
            <value>水田地帯で成獣１頭を目撃。徐々に東に移動し、住宅付近に居座っている。</value>
          </Data>
        </ExtendedData>
        <Point>
          <coordinates>
            141.0800833,39.72110657,0
          </coordinates>
        </Point>
      </Placemark>
      <Placemark>
        <name>令和8年4月27日(乙部29地割)</name>
        <description><![CDATA[出没区分: 01 目撃<br>名前: 令和8年4月27日<br>出没時間: 19:50<br>成獣/幼獣: 幼獣<br>頭数: 1頭<br>発生地域: 乙部29地割<br>緯度: 39.60777105<br>経度: 141.204031<br>説明: 住宅地周辺で幼獣１頭を目撃。（移動方向不明）]]></description>
        <styleUrl>#icon-1759-FFEA00</styleUrl>
        <ExtendedData>
          <Data name="出没区分">
            <value>01 目撃</value>
          </Data>
          <Data name="名前">
            <value>令和8年4月27日</value>
          </Data>
          <Data name="出没時間">
            <value>19:50</value>
          </Data>
          <Data name="成獣/幼獣">
            <value>幼獣</value>
          </Data>
          <Data name="頭数">
            <value>1頭</value>
          </Data>
          <Data name="発生地域">
            <value>乙部29地割</value>
          </Data>
          <Data name="緯度">
            <value>39.60777105</value>
          </Data>
          <Data name="経度">
            <value>141.204031</value>
          </Data>
          <Data name="説明">
            <value>住宅地周辺で幼獣１頭を目撃。（移動方向不明）</value>
          </Data>
        </ExtendedData>
        <Point>
          <coordinates>
            141.204031,39.60777105,0
          </coordinates>
        </Point>
      </Placemark>
      <Placemark>
        <name>令和8年4月27日(繋字塗沢)</name>
        <description><![CDATA[出没区分: 01 目撃<br>名前: 令和8年4月27日<br>出没時間: 21:00<br>成獣/幼獣: 成獣<br> 幼獣<br>頭数: 1頭<br> １頭<br>発生地域: 繋字塗沢<br>緯度: 39.67140207<br>経度: 141.0230341<br>説明: 付近の空き地で親子グマ２頭を目撃。（移動方向不明）]]></description>
        <styleUrl>#icon-1759-FFEA00</styleUrl>
        <ExtendedData>
          <Data name="出没区分">
            <value>01 目撃</value>
          </Data>
          <Data name="名前">
            <value>令和8年4月27日</value>
          </Data>
          <Data name="出没時間">
            <value>21:00</value>
          </Data>
          <Data name="成獣/幼獣">
            <value>成獣
 幼獣</value>
          </Data>
          <Data name="頭数">
            <value>1頭
 １頭</value>
          </Data>
          <Data name="発生地域">
            <value>繋字塗沢</value>
          </Data>
          <Data name="緯度">
            <value>39.67140207</value>
          </Data>
          <Data name="経度">
            <value>141.0230341</value>
          </Data>
          <Data name="説明">
            <value>付近の空き地で親子グマ２頭を目撃。（移動方向不明）</value>
          </Data>
        </ExtendedData>
        <Point>
          <coordinates>
            141.0230341,39.67140207,0
          </coordinates>
        </Point>
      </Placemark>
      <Placemark>
        <name>令和8年5月1日(下田字船綱)</name>
        <description><![CDATA[出没区分: 01 目撃<br>名前: 令和8年5月1日<br>出没時間: 10:50<br>成獣/幼獣: 幼獣<br>頭数: １頭<br>発生地域: 下田字船綱<br>緯度: 39.834939<br>経度: 141.157722<br>説明: 渋民駅付近で幼獣１頭を目撃。（移動方向不明）]]></description>
        <styleUrl>#icon-1759-FFEA00</styleUrl>
        <ExtendedData>
          <Data name="出没区分">
            <value>01 目撃</value>
          </Data>
          <Data name="名前">
            <value>令和8年5月1日</value>
          </Data>
          <Data name="出没時間">
            <value>10:50</value>
          </Data>
          <Data name="成獣/幼獣">
            <value>幼獣</value>
          </Data>
          <Data name="頭数">
            <value>１頭</value>
          </Data>
          <Data name="発生地域">
            <value>下田字船綱</value>
          </Data>
          <Data name="緯度">
            <value>39.834939</value>
          </Data>
          <Data name="経度">
            <value>141.157722</value>
          </Data>
          <Data name="説明">
            <value>渋民駅付近で幼獣１頭を目撃。（移動方向不明）</value>
          </Data>
        </ExtendedData>
        <Point>
          <coordinates>
            141.157722,39.834939,0
          </coordinates>
        </Point>
      </Placemark>
      <Placemark>
        <name>令和8年5月1日(月が丘三丁目)</name>
        <description><![CDATA[出没区分: 01 目撃<br>名前: 令和8年5月1日<br>出没時間: 13:50<br>成獣/幼獣: 幼獣<br>頭数: １頭<br>発生地域: 月が丘三丁目<br>緯度: 39.73377901<br>経度: 141.1071171<br>説明: 盛岡少年院付近で幼獣１頭を目撃。（移動方向不明）]]></description>
        <styleUrl>#icon-1759-FFEA00</styleUrl>
        <ExtendedData>
          <Data name="出没区分">
            <value>01 目撃</value>
          </Data>
          <Data name="名前">
            <value>令和8年5月1日</value>
          </Data>
          <Data name="出没時間">
            <value>13:50</value>
          </Data>
          <Data name="成獣/幼獣">
            <value>幼獣</value>
          </Data>
          <Data name="頭数">
            <value>１頭</value>
          </Data>
          <Data name="発生地域">
            <value>月が丘三丁目</value>
          </Data>
          <Data name="緯度">
            <value>39.73377901</value>
          </Data>
          <Data name="経度">
            <value>141.1071171</value>
          </Data>
          <Data name="説明">
            <value>盛岡少年院付近で幼獣１頭を目撃。（移動方向不明）</value>
          </Data>
        </ExtendedData>
        <Point>
          <coordinates>
            141.1071171,39.73377901,0
          </coordinates>
        </Point>
      </Placemark>
      <Placemark>
        <name>令和8年5月1日(西松園二丁目)</name>
        <description><![CDATA[出没区分: 01 目撃<br>名前: 令和8年5月1日<br>出没時間: 23:21<br>成獣/幼獣: 成獣<br>頭数: １頭<br>発生地域: 西松園二丁目<br>緯度: 39.75342928<br>経度: 141.1606407<br>説明: 愛育園付近で成獣１頭を目撃。南西に移動していった。]]></description>
        <styleUrl>#icon-1759-FFEA00</styleUrl>
        <ExtendedData>
          <Data name="出没区分">
            <value>01 目撃</value>
          </Data>
          <Data name="名前">
            <value>令和8年5月1日</value>
          </Data>
          <Data name="出没時間">
            <value>23:21</value>
          </Data>
          <Data name="成獣/幼獣">
            <value>成獣</value>
          </Data>
          <Data name="頭数">
            <value>１頭</value>
          </Data>
          <Data name="発生地域">
            <value>西松園二丁目</value>
          </Data>
          <Data name="緯度">
            <value>39.75342928</value>
          </Data>
          <Data name="経度">
            <value>141.1606407</value>
          </Data>
          <Data name="説明">
            <value>愛育園付近で成獣１頭を目撃。南西に移動していった。</value>
          </Data>
        </ExtendedData>
        <Point>
          <coordinates>
            141.1606407,39.75342928,0
          </coordinates>
        </Point>
      </Placemark>
      <Placemark>
        <name>令和8年5月2日(土淵字北野)</name>
        <description><![CDATA[出没区分: 01 目撃<br>名前: 令和8年5月2日<br>出没時間: 17:57<br>成獣/幼獣: 不明<br>頭数: １頭<br>発生地域: 土淵字北野<br>緯度: 39.72826522<br>経度: 141.070231<br>説明: クマ１頭を目撃。北側に移動していった。]]></description>
        <styleUrl>#icon-1759-FFEA00</styleUrl>
        <ExtendedData>
          <Data name="出没区分">
            <value>01 目撃</value>
          </Data>
          <Data name="名前">
            <value>令和8年5月2日</value>
          </Data>
          <Data name="出没時間">
            <value>17:57</value>
          </Data>
          <Data name="成獣/幼獣">
            <value>不明</value>
          </Data>
          <Data name="頭数">
            <value>１頭</value>
          </Data>
          <Data name="発生地域">
            <value>土淵字北野</value>
          </Data>
          <Data name="緯度">
            <value>39.72826522</value>
          </Data>
          <Data name="経度">
            <value>141.070231</value>
          </Data>
          <Data name="説明">
            <value>クマ１頭を目撃。北側に移動していった。</value>
          </Data>
        </ExtendedData>
        <Point>
          <coordinates>
            141.070231,39.72826522,0
          </coordinates>
        </Point>
      </Placemark>
      <Placemark>
        <name>令和8年5月2日(高松三丁目)</name>
        <description><![CDATA[出没区分: 01 目撃<br>名前: 令和8年5月2日<br>出没時間: 22:10<br>成獣/幼獣: 不明<br>頭数: １頭<br>発生地域: 高松三丁目<br>緯度: 39.72927343<br>経度: 141.1412411<br>説明: 住宅地周辺でクマ１頭を目撃。（移動方向不明）]]></description>
        <styleUrl>#icon-1759-FFEA00</styleUrl>
        <ExtendedData>
          <Data name="出没区分">
            <value>01 目撃</value>
          </Data>
          <Data name="名前">
            <value>令和8年5月2日</value>
          </Data>
          <Data name="出没時間">
            <value>22:10</value>
          </Data>
          <Data name="成獣/幼獣">
            <value>不明</value>
          </Data>
          <Data name="頭数">
            <value>１頭</value>
          </Data>
          <Data name="発生地域">
            <value>高松三丁目</value>
          </Data>
          <Data name="緯度">
            <value>39.72927343</value>
          </Data>
          <Data name="経度">
            <value>141.1412411</value>
          </Data>
          <Data name="説明">
            <value>住宅地周辺でクマ１頭を目撃。（移動方向不明）</value>
          </Data>
        </ExtendedData>
        <Point>
          <coordinates>
            141.1412411,39.72927343,0
          </coordinates>
        </Point>
      </Placemark>
      <Placemark>
        <name>令和8年5月3日(繋字上野)</name>
        <description><![CDATA[出没区分: 01 目撃<br>名前: 令和8年5月3日<br>出没時間: 8:30<br>成獣/幼獣: 幼獣<br>頭数: １頭<br>発生地域: 繋字上野<br>緯度: 39.67185387<br>経度: 141.0098997<br>説明: 宿泊施設周辺で幼獣１頭を目撃。（移動方向不明）]]></description>
        <styleUrl>#icon-1759-FFEA00</styleUrl>
        <ExtendedData>
          <Data name="出没区分">
            <value>01 目撃</value>
          </Data>
          <Data name="名前">
            <value>令和8年5月3日</value>
          </Data>
          <Data name="出没時間">
            <value>8:30</value>
          </Data>
          <Data name="成獣/幼獣">
            <value>幼獣</value>
          </Data>
          <Data name="頭数">
            <value>１頭</value>
          </Data>
          <Data name="発生地域">
            <value>繋字上野</value>
          </Data>
          <Data name="緯度">
            <value>39.67185387</value>
          </Data>
          <Data name="経度">
            <value>141.0098997</value>
          </Data>
          <Data name="説明">
            <value>宿泊施設周辺で幼獣１頭を目撃。（移動方向不明）</value>
          </Data>
        </ExtendedData>
        <Point>
          <coordinates>
            141.0098997,39.67185387,0
          </coordinates>
        </Point>
      </Placemark>
      <Placemark>
        <name>令和8年5月4日(繋字上野)</name>
        <description><![CDATA[出没区分: 01 目撃<br>名前: 令和8年5月4日<br>出没時間: 11:29<br>成獣/幼獣: 幼獣<br>頭数: １頭<br>発生地域: 繋字上野<br>緯度: 39.67185387<br>経度: 141.0098997<br>説明: 宿泊施設周辺で幼獣１頭を目撃。山側に移動していった。]]></description>
        <styleUrl>#icon-1759-FFEA00</styleUrl>
        <ExtendedData>
          <Data name="出没区分">
            <value>01 目撃</value>
          </Data>
          <Data name="名前">
            <value>令和8年5月4日</value>
          </Data>
          <Data name="出没時間">
            <value>11:29</value>
          </Data>
          <Data name="成獣/幼獣">
            <value>幼獣</value>
          </Data>
          <Data name="頭数">
            <value>１頭</value>
          </Data>
          <Data name="発生地域">
            <value>繋字上野</value>
          </Data>
          <Data name="緯度">
            <value>39.67185387</value>
          </Data>
          <Data name="経度">
            <value>141.0098997</value>
          </Data>
          <Data name="説明">
            <value>宿泊施設周辺で幼獣１頭を目撃。山側に移動していった。</value>
          </Data>
        </ExtendedData>
        <Point>
          <coordinates>
            141.0098997,39.67185387,0
          </coordinates>
        </Point>
      </Placemark>
      <Placemark>
        <name>令和8年5月5日(繋字上野)</name>
        <description><![CDATA[出没区分: 01 目撃<br>名前: 令和8年5月5日<br>出没時間: 11:15<br>成獣/幼獣: 幼獣<br>頭数: １頭<br>発生地域: 繋字上野<br>緯度: 39.67185387<br>経度: 141.0098997<br>説明: 宿泊施設周辺で幼獣１頭を目撃。山側に移動していった。]]></description>
        <styleUrl>#icon-1759-FFEA00</styleUrl>
        <ExtendedData>
          <Data name="出没区分">
            <value>01 目撃</value>
          </Data>
          <Data name="名前">
            <value>令和8年5月5日</value>
          </Data>
          <Data name="出没時間">
            <value>11:15</value>
          </Data>
          <Data name="成獣/幼獣">
            <value>幼獣</value>
          </Data>
          <Data name="頭数">
            <value>１頭</value>
          </Data>
          <Data name="発生地域">
            <value>繋字上野</value>
          </Data>
          <Data name="緯度">
            <value>39.67185387</value>
          </Data>
          <Data name="経度">
            <value>141.0098997</value>
          </Data>
          <Data name="説明">
            <value>宿泊施設周辺で幼獣１頭を目撃。山側に移動していった。</value>
          </Data>
        </ExtendedData>
        <Point>
          <coordinates>
            141.0098997,39.67185387,0
          </coordinates>
        </Point>
      </Placemark>
      <Placemark>
        <name>令和8年5月5日(繋字上野)</name>
        <description><![CDATA[出没区分: 01 目撃<br>名前: 令和8年5月5日<br>出没時間: 14:34<br>成獣/幼獣: 幼獣<br>頭数: １頭<br>発生地域: 繋字上野<br>緯度: 39.67185387<br>経度: 141.0098997<br>説明: 宿泊施設周辺で幼獣１頭を目撃。]]></description>
        <styleUrl>#icon-1759-FFEA00</styleUrl>
        <ExtendedData>
          <Data name="出没区分">
            <value>01 目撃</value>
          </Data>
          <Data name="名前">
            <value>令和8年5月5日</value>
          </Data>
          <Data name="出没時間">
            <value>14:34</value>
          </Data>
          <Data name="成獣/幼獣">
            <value>幼獣</value>
          </Data>
          <Data name="頭数">
            <value>１頭</value>
          </Data>
          <Data name="発生地域">
            <value>繋字上野</value>
          </Data>
          <Data name="緯度">
            <value>39.67185387</value>
          </Data>
          <Data name="経度">
            <value>141.0098997</value>
          </Data>
          <Data name="説明">
            <value>宿泊施設周辺で幼獣１頭を目撃。</value>
          </Data>
        </ExtendedData>
        <Point>
          <coordinates>
            141.0098997,39.67185387,0
          </coordinates>
        </Point>
      </Placemark>
      <Placemark>
        <name>令和8年5月6日(繋字上野)</name>
        <description><![CDATA[出没区分: 01 目撃<br>名前: 令和8年5月6日<br>出没時間: 11:35<br>成獣/幼獣: 幼獣<br>頭数: １頭<br>発生地域: 繋字上野<br>緯度: 39.67185387<br>経度: 141.0098997<br>説明: 宿泊施設周辺で幼獣１頭を目撃。]]></description>
        <styleUrl>#icon-1759-FFEA00</styleUrl>
        <ExtendedData>
          <Data name="出没区分">
            <value>01 目撃</value>
          </Data>
          <Data name="名前">
            <value>令和8年5月6日</value>
          </Data>
          <Data name="出没時間">
            <value>11:35</value>
          </Data>
          <Data name="成獣/幼獣">
            <value>幼獣</value>
          </Data>
          <Data name="頭数">
            <value>１頭</value>
          </Data>
          <Data name="発生地域">
            <value>繋字上野</value>
          </Data>
          <Data name="緯度">
            <value>39.67185387</value>
          </Data>
          <Data name="経度">
            <value>141.0098997</value>
          </Data>
          <Data name="説明">
            <value>宿泊施設周辺で幼獣１頭を目撃。</value>
          </Data>
        </ExtendedData>
        <Point>
          <coordinates>
            141.0098997,39.67185387,0
          </coordinates>
        </Point>
      </Placemark>
      <Placemark>
        <name>令和8年5月6日(黒川６地割)</name>
        <description><![CDATA[出没区分: 01 目撃<br>名前: 令和8年5月6日<br>出没時間: 20:00<br>成獣/幼獣: 成獣<br>頭数: １頭<br>発生地域: 黒川６地割<br>緯度: 39.63507625<br>経度: 141.1838413<br>説明: 蟹沢橋付近で成獣１頭を目撃。西に移動していった。]]></description>
        <styleUrl>#icon-1759-FFEA00</styleUrl>
        <ExtendedData>
          <Data name="出没区分">
            <value>01 目撃</value>
          </Data>
          <Data name="名前">
            <value>令和8年5月6日</value>
          </Data>
          <Data name="出没時間">
            <value>20:00</value>
          </Data>
          <Data name="成獣/幼獣">
            <value>成獣</value>
          </Data>
          <Data name="頭数">
            <value>１頭</value>
          </Data>
          <Data name="発生地域">
            <value>黒川６地割</value>
          </Data>
          <Data name="緯度">
            <value>39.63507625</value>
          </Data>
          <Data name="経度">
            <value>141.1838413</value>
          </Data>
          <Data name="説明">
            <value>蟹沢橋付近で成獣１頭を目撃。西に移動していった。</value>
          </Data>
        </ExtendedData>
        <Point>
          <coordinates>
            141.1838413,39.63507625,0
          </coordinates>
        </Point>
      </Placemark>
      <Placemark>
        <name>令和8年5月7日(川目町)</name>
        <description><![CDATA[出没区分: 01 目撃<br>名前: 令和8年5月7日<br>出没時間: 8:05<br>成獣/幼獣: 成獣<br>頭数: １頭<br>発生地域: 川目町<br>緯度: 39.68254144<br>経度: 141.1823254<br>説明: 成獣１頭を目撃。国道106号を東に移動していった。]]></description>
        <styleUrl>#icon-1759-FFEA00</styleUrl>
        <ExtendedData>
          <Data name="出没区分">
            <value>01 目撃</value>
          </Data>
          <Data name="名前">
            <value>令和8年5月7日</value>
          </Data>
          <Data name="出没時間">
            <value>8:05</value>
          </Data>
          <Data name="成獣/幼獣">
            <value>成獣</value>
          </Data>
          <Data name="頭数">
            <value>１頭</value>
          </Data>
          <Data name="発生地域">
            <value>川目町</value>
          </Data>
          <Data name="緯度">
            <value>39.68254144</value>
          </Data>
          <Data name="経度">
            <value>141.1823254</value>
          </Data>
          <Data name="説明">
            <value>成獣１頭を目撃。国道106号を東に移動していった。</value>
          </Data>
        </ExtendedData>
        <Point>
          <coordinates>
            141.1823254,39.68254144,0
          </coordinates>
        </Point>
      </Placemark>
      <Placemark>
        <name>令和8年5月8日(好摩字上山)</name>
        <description><![CDATA[出没区分: 01 目撃<br>名前: 令和8年5月8日<br>出没時間: 15:50<br>成獣/幼獣: 成獣<br>頭数: １頭<br>発生地域: 好摩字上山<br>緯度: 39.872066<br>経度: 141.175133<br>説明: 好摩こ線橋付近で成獣１頭を目撃。東に移動していった。]]></description>
        <styleUrl>#icon-1759-FFEA00</styleUrl>
        <ExtendedData>
          <Data name="出没区分">
            <value>01 目撃</value>
          </Data>
          <Data name="名前">
            <value>令和8年5月8日</value>
          </Data>
          <Data name="出没時間">
            <value>15:50</value>
          </Data>
          <Data name="成獣/幼獣">
            <value>成獣</value>
          </Data>
          <Data name="頭数">
            <value>１頭</value>
          </Data>
          <Data name="発生地域">
            <value>好摩字上山</value>
          </Data>
          <Data name="緯度">
            <value>39.872066</value>
          </Data>
          <Data name="経度">
            <value>141.175133</value>
          </Data>
          <Data name="説明">
            <value>好摩こ線橋付近で成獣１頭を目撃。東に移動していった。</value>
          </Data>
        </ExtendedData>
        <Point>
          <coordinates>
            141.175133,39.872066,0
          </coordinates>
        </Point>
      </Placemark>
      <Placemark>
        <name>令和8年5月8日(下厨川字鍋屋敷)</name>
        <description><![CDATA[出没区分: 02 痕跡<br>名前: 令和8年5月8日<br>出没時間: 不明<br>成獣/幼獣: 不明<br>頭数: 不明<br>発生地域: 下厨川字鍋屋敷<br>緯度: 39.76601345<br>経度: 141.1353799<br>説明: 畑でクマの痕跡を確認。]]></description>
        <styleUrl>#icon-1759-FFEA00</styleUrl>
        <ExtendedData>
          <Data name="出没区分">
            <value>02 痕跡</value>
          </Data>
          <Data name="名前">
            <value>令和8年5月8日</value>
          </Data>
          <Data name="出没時間">
            <value>不明</value>
          </Data>
          <Data name="成獣/幼獣">
            <value>不明</value>
          </Data>
          <Data name="頭数">
            <value>不明</value>
          </Data>
          <Data name="発生地域">
            <value>下厨川字鍋屋敷</value>
          </Data>
          <Data name="緯度">
            <value>39.76601345</value>
          </Data>
          <Data name="経度">
            <value>141.1353799</value>
          </Data>
          <Data name="説明">
            <value>畑でクマの痕跡を確認。</value>
          </Data>
        </ExtendedData>
        <Point>
          <coordinates>
            141.1353799,39.76601345,0
          </coordinates>
        </Point>
      </Placemark>
      <Placemark>
        <name>令和8年5月9日(玉山永井字永井沢)</name>
        <description><![CDATA[出没区分: 01 目撃<br>名前: 令和8年5月9日<br>出没時間: 18:00<br>成獣/幼獣: 成獣<br>頭数: １頭<br>発生地域: 玉山永井字永井沢<br>緯度: 39.909144<br>経度: 141.185956<br>説明: 谷地田遺跡周辺で成獣１頭を目撃。（移動方向不明）]]></description>
        <styleUrl>#icon-1759-FFEA00</styleUrl>
        <ExtendedData>
          <Data name="出没区分">
            <value>01 目撃</value>
          </Data>
          <Data name="名前">
            <value>令和8年5月9日</value>
          </Data>
          <Data name="出没時間">
            <value>18:00</value>
          </Data>
          <Data name="成獣/幼獣">
            <value>成獣</value>
          </Data>
          <Data name="頭数">
            <value>１頭</value>
          </Data>
          <Data name="発生地域">
            <value>玉山永井字永井沢</value>
          </Data>
          <Data name="緯度">
            <value>39.909144</value>
          </Data>
          <Data name="経度">
            <value>141.185956</value>
          </Data>
          <Data name="説明">
            <value>谷地田遺跡周辺で成獣１頭を目撃。（移動方向不明）</value>
          </Data>
        </ExtendedData>
        <Point>
          <coordinates>
            141.185956,39.909144,0
          </coordinates>
        </Point>
      </Placemark>
      <Placemark>
        <name>令和8年5月9日(上太田上瀬)</name>
        <description><![CDATA[出没区分: 02 痕跡<br>名前: 令和8年5月9日<br>出没時間: 不明<br>成獣/幼獣: 不明<br>頭数: 不明<br>発生地域: 上太田上瀬<br>緯度: 39.69078181<br>経度: 141.0522326<br>説明: 養蜂箱にクマの痕跡を確認。]]></description>
        <styleUrl>#icon-1759-FFEA00</styleUrl>
        <ExtendedData>
          <Data name="出没区分">
            <value>02 痕跡</value>
          </Data>
          <Data name="名前">
            <value>令和8年5月9日</value>
          </Data>
          <Data name="出没時間">
            <value>不明</value>
          </Data>
          <Data name="成獣/幼獣">
            <value>不明</value>
          </Data>
          <Data name="頭数">
            <value>不明</value>
          </Data>
          <Data name="発生地域">
            <value>上太田上瀬</value>
          </Data>
          <Data name="緯度">
            <value>39.69078181</value>
          </Data>
          <Data name="経度">
            <value>141.0522326</value>
          </Data>
          <Data name="説明">
            <value>養蜂箱にクマの痕跡を確認。</value>
          </Data>
        </ExtendedData>
        <Point>
          <coordinates>
            141.0522326,39.69078181,0
          </coordinates>
        </Point>
      </Placemark>
      <Placemark>
        <name>令和8年5月10日(向中野字新田)</name>
        <description><![CDATA[出没区分: 01 目撃<br>名前: 令和8年5月10日<br>出没時間: 6:30<br>成獣/幼獣: 幼獣<br>頭数: １頭<br>発生地域: 向中野字新田<br>緯度: 39.66082003<br>経度: 141.17027<br>説明: 盛岡赤十字病院そばの土手で幼獣１頭を目撃。西側に移動していった。]]></description>
        <styleUrl>#icon-1759-FFEA00</styleUrl>
        <ExtendedData>
          <Data name="出没区分">
            <value>01 目撃</value>
          </Data>
          <Data name="名前">
            <value>令和8年5月10日</value>
          </Data>
          <Data name="出没時間">
            <value>6:30</value>
          </Data>
          <Data name="成獣/幼獣">
            <value>幼獣</value>
          </Data>
          <Data name="頭数">
            <value>１頭</value>
          </Data>
          <Data name="発生地域">
            <value>向中野字新田</value>
          </Data>
          <Data name="緯度">
            <value>39.66082003</value>
          </Data>
          <Data name="経度">
            <value>141.17027</value>
          </Data>
          <Data name="説明">
            <value>盛岡赤十字病院そばの土手で幼獣１頭を目撃。西側に移動していった。</value>
          </Data>
        </ExtendedData>
        <Point>
          <coordinates>
            141.17027,39.66082003,0
          </coordinates>
        </Point>
      </Placemark>
      <Placemark>
        <name>令和8年5月10日(東安庭二丁目)</name>
        <description><![CDATA[出没区分: 01 目撃<br>名前: 令和8年5月10日<br>出没時間: 8:50<br>成獣/幼獣: 不明<br>頭数: １頭<br>発生地域: 東安庭二丁目<br>緯度: 39.67539435<br>経度: 141.1652939<br>説明: アパート駐車場でクマ１頭を目撃。（移動方向不明）]]></description>
        <styleUrl>#icon-1759-FFEA00</styleUrl>
        <ExtendedData>
          <Data name="出没区分">
            <value>01 目撃</value>
          </Data>
          <Data name="名前">
            <value>令和8年5月10日</value>
          </Data>
          <Data name="出没時間">
            <value>8:50</value>
          </Data>
          <Data name="成獣/幼獣">
            <value>不明</value>
          </Data>
          <Data name="頭数">
            <value>１頭</value>
          </Data>
          <Data name="発生地域">
            <value>東安庭二丁目</value>
          </Data>
          <Data name="緯度">
            <value>39.67539435</value>
          </Data>
          <Data name="経度">
            <value>141.1652939</value>
          </Data>
          <Data name="説明">
            <value>アパート駐車場でクマ１頭を目撃。（移動方向不明）</value>
          </Data>
        </ExtendedData>
        <Point>
          <coordinates>
            141.1652939,39.67539435,0
          </coordinates>
        </Point>
      </Placemark>
      <Placemark>
        <name>令和8年5月10日(八幡町)</name>
        <description><![CDATA[出没区分: 01 目撃<br>名前: 令和8年5月10日<br>出没時間: 23:45<br>成獣/幼獣: 成獣<br> 幼獣<br>頭数: 1頭<br> １頭<br>発生地域: 八幡町<br>緯度: 39.69609959<br>経度: 141.1661524<br>説明: 道路上付近で親子グマ２頭を目撃。（移動方向不明）]]></description>
        <styleUrl>#icon-1759-FFEA00</styleUrl>
        <ExtendedData>
          <Data name="出没区分">
            <value>01 目撃</value>
          </Data>
          <Data name="名前">
            <value>令和8年5月10日</value>
          </Data>
          <Data name="出没時間">
            <value>23:45</value>
          </Data>
          <Data name="成獣/幼獣">
            <value>成獣
 幼獣</value>
          </Data>
          <Data name="頭数">
            <value>1頭
 １頭</value>
          </Data>
          <Data name="発生地域">
            <value>八幡町</value>
          </Data>
          <Data name="緯度">
            <value>39.69609959</value>
          </Data>
          <Data name="経度">
            <value>141.1661524</value>
          </Data>
          <Data name="説明">
            <value>道路上付近で親子グマ２頭を目撃。（移動方向不明）</value>
          </Data>
        </ExtendedData>
        <Point>
          <coordinates>
            141.1661524,39.69609959,0
          </coordinates>
        </Point>
      </Placemark>
      <Placemark>
        <name>令和8年5月11日(浅岸一丁目)</name>
        <description><![CDATA[出没区分: 01 目撃<br>名前: 令和8年5月11日<br>出没時間: 5:50<br>成獣/幼獣: 成獣<br>頭数: １頭<br>発生地域: 浅岸一丁目<br>緯度: 39.71197482<br>経度: 141.1738041<br>説明: 大塚公園南側の山の斜面で成獣１頭を目撃。南側に移動していった。]]></description>
        <styleUrl>#icon-1759-FFEA00</styleUrl>
        <ExtendedData>
          <Data name="出没区分">
            <value>01 目撃</value>
          </Data>
          <Data name="名前">
            <value>令和8年5月11日</value>
          </Data>
          <Data name="出没時間">
            <value>5:50</value>
          </Data>
          <Data name="成獣/幼獣">
            <value>成獣</value>
          </Data>
          <Data name="頭数">
            <value>１頭</value>
          </Data>
          <Data name="発生地域">
            <value>浅岸一丁目</value>
          </Data>
          <Data name="緯度">
            <value>39.71197482</value>
          </Data>
          <Data name="経度">
            <value>141.1738041</value>
          </Data>
          <Data name="説明">
            <value>大塚公園南側の山の斜面で成獣１頭を目撃。南側に移動していった。</value>
          </Data>
        </ExtendedData>
        <Point>
          <coordinates>
            141.1738041,39.71197482,0
          </coordinates>
        </Point>
      </Placemark>
      <Placemark>
        <name>令和8年5月11日(下田字船綱)</name>
        <description><![CDATA[出没区分: 01 目撃<br>名前: 令和8年5月11日<br>出没時間: 7:30<br>成獣/幼獣: 成獣<br>頭数: １頭<br>発生地域: 下田字船綱<br>緯度: 39.835256<br>経度: 141.157038<br>説明: 付近で成獣１頭を目撃。（移動方向不明。）]]></description>
        <styleUrl>#icon-1759-FFEA00</styleUrl>
        <ExtendedData>
          <Data name="出没区分">
            <value>01 目撃</value>
          </Data>
          <Data name="名前">
            <value>令和8年5月11日</value>
          </Data>
          <Data name="出没時間">
            <value>7:30</value>
          </Data>
          <Data name="成獣/幼獣">
            <value>成獣</value>
          </Data>
          <Data name="頭数">
            <value>１頭</value>
          </Data>
          <Data name="発生地域">
            <value>下田字船綱</value>
          </Data>
          <Data name="緯度">
            <value>39.835256</value>
          </Data>
          <Data name="経度">
            <value>141.157038</value>
          </Data>
          <Data name="説明">
            <value>付近で成獣１頭を目撃。（移動方向不明。）</value>
          </Data>
        </ExtendedData>
        <Point>
          <coordinates>
            141.157038,39.835256,0
          </coordinates>
        </Point>
      </Placemark>
      <Placemark>
        <name>令和8年5月11日(加賀野三丁目)</name>
        <description><![CDATA[出没区分: 01 目撃<br>名前: 令和8年5月11日<br>出没時間: 8:50<br>成獣/幼獣: 不明<br>頭数: １頭<br>発生地域: 加賀野三丁目<br>緯度: 39.70832828<br>経度: 141.171188<br>説明: 妙泉寺付近でクマ１頭を目撃。（移動方向不明）]]></description>
        <styleUrl>#icon-1759-FFEA00</styleUrl>
        <ExtendedData>
          <Data name="出没区分">
            <value>01 目撃</value>
          </Data>
          <Data name="名前">
            <value>令和8年5月11日</value>
          </Data>
          <Data name="出没時間">
            <value>8:50</value>
          </Data>
          <Data name="成獣/幼獣">
            <value>不明</value>
          </Data>
          <Data name="頭数">
            <value>１頭</value>
          </Data>
          <Data name="発生地域">
            <value>加賀野三丁目</value>
          </Data>
          <Data name="緯度">
            <value>39.70832828</value>
          </Data>
          <Data name="経度">
            <value>141.171188</value>
          </Data>
          <Data name="説明">
            <value>妙泉寺付近でクマ１頭を目撃。（移動方向不明）</value>
          </Data>
        </ExtendedData>
        <Point>
          <coordinates>
            141.171188,39.70832828,0
          </coordinates>
        </Point>
      </Placemark>
      <Placemark>
        <name>令和8年5月11日(上米内字白石)</name>
        <description><![CDATA[出没区分: 01 目撃<br>名前: 令和8年5月11日<br>出没時間: 12:00<br>成獣/幼獣: 成獣<br>頭数: １頭<br>発生地域: 上米内字白石<br>緯度: 39.76258139<br>経度: 141.2312898<br>説明: 住宅敷地内で成獣１頭を目撃。東の山林に向かって移動していった。]]></description>
        <styleUrl>#icon-1759-FFEA00</styleUrl>
        <ExtendedData>
          <Data name="出没区分">
            <value>01 目撃</value>
          </Data>
          <Data name="名前">
            <value>令和8年5月11日</value>
          </Data>
          <Data name="出没時間">
            <value>12:00</value>
          </Data>
          <Data name="成獣/幼獣">
            <value>成獣</value>
          </Data>
          <Data name="頭数">
            <value>１頭</value>
          </Data>
          <Data name="発生地域">
            <value>上米内字白石</value>
          </Data>
          <Data name="緯度">
            <value>39.76258139</value>
          </Data>
          <Data name="経度">
            <value>141.2312898</value>
          </Data>
          <Data name="説明">
            <value>住宅敷地内で成獣１頭を目撃。東の山林に向かって移動していった。</value>
          </Data>
        </ExtendedData>
        <Point>
          <coordinates>
            141.2312898,39.76258139,0
          </coordinates>
        </Point>
      </Placemark>
      <Placemark>
        <name>令和8年5月12日(上太田穴口)</name>
        <description><![CDATA[出没区分: 01 目撃<br>名前: 令和8年5月12日<br>出没時間: 18:35<br>成獣/幼獣: 幼獣<br>頭数: １頭<br>発生地域: 上太田穴口<br>緯度: 39.68948173<br>経度: 141.053785<br>説明: 太田テニスコート付近で幼獣１頭を目撃。（移動方向不明）]]></description>
        <styleUrl>#icon-1759-FFEA00</styleUrl>
        <ExtendedData>
          <Data name="出没区分">
            <value>01 目撃</value>
          </Data>
          <Data name="名前">
            <value>令和8年5月12日</value>
          </Data>
          <Data name="出没時間">
            <value>18:35</value>
          </Data>
          <Data name="成獣/幼獣">
            <value>幼獣</value>
          </Data>
          <Data name="頭数">
            <value>１頭</value>
          </Data>
          <Data name="発生地域">
            <value>上太田穴口</value>
          </Data>
          <Data name="緯度">
            <value>39.68948173</value>
          </Data>
          <Data name="経度">
            <value>141.053785</value>
          </Data>
          <Data name="説明">
            <value>太田テニスコート付近で幼獣１頭を目撃。（移動方向不明）</value>
          </Data>
        </ExtendedData>
        <Point>
          <coordinates>
            141.053785,39.68948173,0
          </coordinates>
        </Point>
      </Placemark>
      <Placemark>
        <name>令和8年5月13日(好摩字野中)</name>
        <description><![CDATA[出没区分: 01 目撃<br>名前: 令和8年5月13日<br>出没時間: 5:41<br>成獣/幼獣: 成獣<br>頭数: １頭<br>発生地域: 好摩字野中<br>緯度: 39.882424<br>経度: 141.168423<br>説明: 付近で成獣１頭を目撃。近くの藪に移動していった。]]></description>
        <styleUrl>#icon-1759-FFEA00</styleUrl>
        <ExtendedData>
          <Data name="出没区分">
            <value>01 目撃</value>
          </Data>
          <Data name="名前">
            <value>令和8年5月13日</value>
          </Data>
          <Data name="出没時間">
            <value>5:41</value>
          </Data>
          <Data name="成獣/幼獣">
            <value>成獣</value>
          </Data>
          <Data name="頭数">
            <value>１頭</value>
          </Data>
          <Data name="発生地域">
            <value>好摩字野中</value>
          </Data>
          <Data name="緯度">
            <value>39.882424</value>
          </Data>
          <Data name="経度">
            <value>141.168423</value>
          </Data>
          <Data name="説明">
            <value>付近で成獣１頭を目撃。近くの藪に移動していった。</value>
          </Data>
        </ExtendedData>
        <Point>
          <coordinates>
            141.168423,39.882424,0
          </coordinates>
        </Point>
      </Placemark>
      <Placemark>
        <name>令和8年5月13日(玉山永井字田端)</name>
        <description><![CDATA[出没区分: 01 目撃<br>名前: 令和8年5月13日<br>出没時間: 9:20<br>成獣/幼獣: 成獣<br>頭数: １頭<br>発生地域: 玉山永井字田端<br>緯度: 39.899515<br>経度: 141.196323<br>説明: 田んぼの土手で成獣１頭を目撃。東（北上川方向）に移動していった。]]></description>
        <styleUrl>#icon-1759-FFEA00</styleUrl>
        <ExtendedData>
          <Data name="出没区分">
            <value>01 目撃</value>
          </Data>
          <Data name="名前">
            <value>令和8年5月13日</value>
          </Data>
          <Data name="出没時間">
            <value>9:20</value>
          </Data>
          <Data name="成獣/幼獣">
            <value>成獣</value>
          </Data>
          <Data name="頭数">
            <value>１頭</value>
          </Data>
          <Data name="発生地域">
            <value>玉山永井字田端</value>
          </Data>
          <Data name="緯度">
            <value>39.899515</value>
          </Data>
          <Data name="経度">
            <value>141.196323</value>
          </Data>
          <Data name="説明">
            <value>田んぼの土手で成獣１頭を目撃。東（北上川方向）に移動していった。</value>
          </Data>
        </ExtendedData>
        <Point>
          <coordinates>
            141.196323,39.899515,0
          </coordinates>
        </Point>
      </Placemark>
      <Placemark>
        <name>令和8年5月13日(山王町)</name>
        <description><![CDATA[出没区分: 01 目撃<br>名前: 令和8年5月13日<br>出没時間: 9:30<br>成獣/幼獣: 不明<br>頭数: １頭<br>発生地域: 山王町<br>緯度: 39.6964511<br>経度: 141.16754<br>説明: 茶畑交差点の北側で国道４号線を横断するクマを目撃。東から西に移動していった。]]></description>
        <styleUrl>#icon-1759-FFEA00</styleUrl>
        <ExtendedData>
          <Data name="出没区分">
            <value>01 目撃</value>
          </Data>
          <Data name="名前">
            <value>令和8年5月13日</value>
          </Data>
          <Data name="出没時間">
            <value>9:30</value>
          </Data>
          <Data name="成獣/幼獣">
            <value>不明</value>
          </Data>
          <Data name="頭数">
            <value>１頭</value>
          </Data>
          <Data name="発生地域">
            <value>山王町</value>
          </Data>
          <Data name="緯度">
            <value>39.6964511</value>
          </Data>
          <Data name="経度">
            <value>141.16754</value>
          </Data>
          <Data name="説明">
            <value>茶畑交差点の北側で国道４号線を横断するクマを目撃。東から西に移動していった。</value>
          </Data>
        </ExtendedData>
        <Point>
          <coordinates>
            141.16754,39.6964511,0
          </coordinates>
        </Point>
      </Placemark>
      <Placemark>
        <name>令和8年5月13日(寺林字平森)</name>
        <description><![CDATA[出没区分: 01 目撃<br>名前: 令和8年5月13日<br>出没時間: 10:30<br>成獣/幼獣: 幼獣<br>頭数: １頭<br>発生地域: 寺林字平森<br>緯度: 39.900186<br>経度: 141.199783<br>説明: 店舗裏手の藪で子グマ１頭を目撃した。藪の中に紛れてからは、移動方向不明。]]></description>
        <styleUrl>#icon-1759-FFEA00</styleUrl>
        <ExtendedData>
          <Data name="出没区分">
            <value>01 目撃</value>
          </Data>
          <Data name="名前">
            <value>令和8年5月13日</value>
          </Data>
          <Data name="出没時間">
            <value>10:30</value>
          </Data>
          <Data name="成獣/幼獣">
            <value>幼獣</value>
          </Data>
          <Data name="頭数">
            <value>１頭</value>
          </Data>
          <Data name="発生地域">
            <value>寺林字平森</value>
          </Data>
          <Data name="緯度">
            <value>39.900186</value>
          </Data>
          <Data name="経度">
            <value>141.199783</value>
          </Data>
          <Data name="説明">
            <value>店舗裏手の藪で子グマ１頭を目撃した。藪の中に紛れてからは、移動方向不明。</value>
          </Data>
        </ExtendedData>
        <Point>
          <coordinates>
            141.199783,39.900186,0
          </coordinates>
        </Point>
      </Placemark>
      <Placemark>
        <name>令和8年5月13日(巻堀字上桑畑)</name>
        <description><![CDATA[出没区分: 01 目撃<br>名前: 令和8年5月13日<br>出没時間: 13:20<br>成獣/幼獣: 成獣<br>頭数: １頭<br>発生地域: 巻堀字上桑畑<br>緯度: 39.90026<br>経度: 141.220737<br>説明: 西から東に向かって道路を横断する成獣１頭を目撃。その後、南東方向に移動していった。]]></description>
        <styleUrl>#icon-1759-FFEA00</styleUrl>
        <ExtendedData>
          <Data name="出没区分">
            <value>01 目撃</value>
          </Data>
          <Data name="名前">
            <value>令和8年5月13日</value>
          </Data>
          <Data name="出没時間">
            <value>13:20</value>
          </Data>
          <Data name="成獣/幼獣">
            <value>成獣</value>
          </Data>
          <Data name="頭数">
            <value>１頭</value>
          </Data>
          <Data name="発生地域">
            <value>巻堀字上桑畑</value>
          </Data>
          <Data name="緯度">
            <value>39.90026</value>
          </Data>
          <Data name="経度">
            <value>141.220737</value>
          </Data>
          <Data name="説明">
            <value>西から東に向かって道路を横断する成獣１頭を目撃。その後、南東方向に移動していった。</value>
          </Data>
        </ExtendedData>
        <Point>
          <coordinates>
            141.220737,39.90026,0
          </coordinates>
        </Point>
      </Placemark>
      <Placemark>
        <name>令和8年5月13日(山岸三丁目)</name>
        <description><![CDATA[出没区分: 01 目撃<br>名前: 令和8年5月13日<br>出没時間: 13:30<br>成獣/幼獣: 成獣<br>頭数: １頭<br>発生地域: 山岸三丁目<br>緯度: 39.71766489<br>経度: 141.1695515<br>説明: 住宅地内で成獣１頭を目撃。西に向かって移動していった。]]></description>
        <styleUrl>#icon-1759-FFEA00</styleUrl>
        <ExtendedData>
          <Data name="出没区分">
            <value>01 目撃</value>
          </Data>
          <Data name="名前">
            <value>令和8年5月13日</value>
          </Data>
          <Data name="出没時間">
            <value>13:30</value>
          </Data>
          <Data name="成獣/幼獣">
            <value>成獣</value>
          </Data>
          <Data name="頭数">
            <value>１頭</value>
          </Data>
          <Data name="発生地域">
            <value>山岸三丁目</value>
          </Data>
          <Data name="緯度">
            <value>39.71766489</value>
          </Data>
          <Data name="経度">
            <value>141.1695515</value>
          </Data>
          <Data name="説明">
            <value>住宅地内で成獣１頭を目撃。西に向かって移動していった。</value>
          </Data>
        </ExtendedData>
        <Point>
          <coordinates>
            141.1695515,39.71766489,0
          </coordinates>
        </Point>
      </Placemark>
      <Placemark>
        <name>令和8年5月13日(三ツ割二丁目)</name>
        <description><![CDATA[出没区分: 01 目撃<br>名前: 令和8年5月13日<br>出没時間: 14:00<br>成獣/幼獣: 不明<br>頭数: １頭<br>発生地域: 三ツ割二丁目<br>緯度: 39.71885202<br>経度: 141.1539333<br>説明: 住宅地内で幼獣１頭を目撃。地点付近の法面を下っていった。]]></description>
        <styleUrl>#icon-1759-FFEA00</styleUrl>
        <ExtendedData>
          <Data name="出没区分">
            <value>01 目撃</value>
          </Data>
          <Data name="名前">
            <value>令和8年5月13日</value>
          </Data>
          <Data name="出没時間">
            <value>14:00</value>
          </Data>
          <Data name="成獣/幼獣">
            <value>不明</value>
          </Data>
          <Data name="頭数">
            <value>１頭</value>
          </Data>
          <Data name="発生地域">
            <value>三ツ割二丁目</value>
          </Data>
          <Data name="緯度">
            <value>39.71885202</value>
          </Data>
          <Data name="経度">
            <value>141.1539333</value>
          </Data>
          <Data name="説明">
            <value>住宅地内で幼獣１頭を目撃。地点付近の法面を下っていった。</value>
          </Data>
        </ExtendedData>
        <Point>
          <coordinates>
            141.1539333,39.71885202,0
          </coordinates>
        </Point>
      </Placemark>
      <Placemark>
        <name>令和8年5月13日(上田字狐森)</name>
        <description><![CDATA[出没区分: 01 目撃<br>名前: 令和8年5月13日<br>出没時間: 16:40<br>成獣/幼獣: 成獣<br>頭数: １頭<br>発生地域: 上田字狐森<br>緯度: 39.72193945<br>経度: 141.1464231<br>説明: 高松公園バラ園近くのトイレで成獣１頭が居座っている。]]></description>
        <styleUrl>#icon-1759-FFEA00</styleUrl>
        <ExtendedData>
          <Data name="出没区分">
            <value>01 目撃</value>
          </Data>
          <Data name="名前">
            <value>令和8年5月13日</value>
          </Data>
          <Data name="出没時間">
            <value>16:40</value>
          </Data>
          <Data name="成獣/幼獣">
            <value>成獣</value>
          </Data>
          <Data name="頭数">
            <value>１頭</value>
          </Data>
          <Data name="発生地域">
            <value>上田字狐森</value>
          </Data>
          <Data name="緯度">
            <value>39.72193945</value>
          </Data>
          <Data name="経度">
            <value>141.1464231</value>
          </Data>
          <Data name="説明">
            <value>高松公園バラ園近くのトイレで成獣１頭が居座っている。</value>
          </Data>
        </ExtendedData>
        <Point>
          <coordinates>
            141.1464231,39.72193945,0
          </coordinates>
        </Point>
      </Placemark>
      <Placemark>
        <name>令和8年5月13日(三本柳14地割)</name>
        <description><![CDATA[出没区分: 01 目撃<br>名前: 令和8年5月13日<br>出没時間: 18:30<br>成獣/幼獣: 成獣<br>頭数: １頭<br>発生地域: 三本柳14地割<br>緯度: 39.65744307<br>経度: 141.1692325<br>説明: ふれあいランド岩手周辺の農地で成獣１頭を目撃。（移動方向不明）]]></description>
        <styleUrl>#icon-1759-FFEA00</styleUrl>
        <ExtendedData>
          <Data name="出没区分">
            <value>01 目撃</value>
          </Data>
          <Data name="名前">
            <value>令和8年5月13日</value>
          </Data>
          <Data name="出没時間">
            <value>18:30</value>
          </Data>
          <Data name="成獣/幼獣">
            <value>成獣</value>
          </Data>
          <Data name="頭数">
            <value>１頭</value>
          </Data>
          <Data name="発生地域">
            <value>三本柳14地割</value>
          </Data>
          <Data name="緯度">
            <value>39.65744307</value>
          </Data>
          <Data name="経度">
            <value>141.1692325</value>
          </Data>
          <Data name="説明">
            <value>ふれあいランド岩手周辺の農地で成獣１頭を目撃。（移動方向不明）</value>
          </Data>
        </ExtendedData>
        <Point>
          <coordinates>
            141.1692325,39.65744307,0
          </coordinates>
        </Point>
      </Placemark>
      <Placemark>
        <name>令和8年5月13日(緑が丘三丁目)</name>
        <description><![CDATA[出没区分: 01 目撃<br>名前: 令和8年5月13日<br>出没時間: 19:04<br>成獣/幼獣: 成獣<br>頭数: １頭<br>発生地域: 緑が丘三丁目<br>緯度: 39.73305087<br>経度: 141.1424862<br>説明: 住宅地内で成獣１頭を目撃。（移動方向不明）]]></description>
        <styleUrl>#icon-1759-FFEA00</styleUrl>
        <ExtendedData>
          <Data name="出没区分">
            <value>01 目撃</value>
          </Data>
          <Data name="名前">
            <value>令和8年5月13日</value>
          </Data>
          <Data name="出没時間">
            <value>19:04</value>
          </Data>
          <Data name="成獣/幼獣">
            <value>成獣</value>
          </Data>
          <Data name="頭数">
            <value>１頭</value>
          </Data>
          <Data name="発生地域">
            <value>緑が丘三丁目</value>
          </Data>
          <Data name="緯度">
            <value>39.73305087</value>
          </Data>
          <Data name="経度">
            <value>141.1424862</value>
          </Data>
          <Data name="説明">
            <value>住宅地内で成獣１頭を目撃。（移動方向不明）</value>
          </Data>
        </ExtendedData>
        <Point>
          <coordinates>
            141.1424862,39.73305087,0
          </coordinates>
        </Point>
      </Placemark>
      <Placemark>
        <name>令和8年5月14日(上田三丁目
 西下台町
 長田町
 本町通三丁目
 内丸)</name>
        <description><![CDATA[出没区分: 01 目撃<br>名前: 令和8年5月14日<br>出没時間: 6:20<br>成獣/幼獣: 成獣<br>頭数: １頭<br>発生地域: 上田三丁目<br> 西下台町<br> 長田町<br> 本町通三丁目<br> 内丸<br>緯度: 39.71651004<br>経度: 141.1327331<br>説明: 岩手大学の国際交流会館付近でクマ１頭を目撃。大学敷地内に居座っている。その後、夜間に西下台町を通って本町通付近へ移動し、22時31分に桜山神社付近で目撃された。]]></description>
        <styleUrl>#icon-1759-FFEA00</styleUrl>
        <ExtendedData>
          <Data name="出没区分">
            <value>01 目撃</value>
          </Data>
          <Data name="名前">
            <value>令和8年5月14日</value>
          </Data>
          <Data name="出没時間">
            <value>6:20</value>
          </Data>
          <Data name="成獣/幼獣">
            <value>成獣</value>
          </Data>
          <Data name="頭数">
            <value>１頭</value>
          </Data>
          <Data name="発生地域">
            <value>上田三丁目
 西下台町
 長田町
 本町通三丁目
 内丸</value>
          </Data>
          <Data name="緯度">
            <value>39.71651004</value>
          </Data>
          <Data name="経度">
            <value>141.1327331</value>
          </Data>
          <Data name="説明">
            <value>岩手大学の国際交流会館付近でクマ１頭を目撃。大学敷地内に居座っている。その後、夜間に西下台町を通って本町通付近へ移動し、22時31分に桜山神社付近で目撃された。</value>
          </Data>
        </ExtendedData>
        <Point>
          <coordinates>
            141.1327331,39.71651004,0
          </coordinates>
        </Point>
      </Placemark>
      <Placemark>
        <name>令和8年5月14日(三ツ割字鉢ノ皮)</name>
        <description><![CDATA[出没区分: 01 目撃<br>名前: 令和8年5月14日<br>出没時間: 20:05<br>成獣/幼獣: 不明<br>頭数: １頭<br>発生地域: 三ツ割字鉢ノ皮<br>緯度: 39.74233503<br>経度: 141.166211<br>説明: 住宅地内で成獣１頭を目撃。西に移動していった。]]></description>
        <styleUrl>#icon-1759-FFEA00</styleUrl>
        <ExtendedData>
          <Data name="出没区分">
            <value>01 目撃</value>
          </Data>
          <Data name="名前">
            <value>令和8年5月14日</value>
          </Data>
          <Data name="出没時間">
            <value>20:05</value>
          </Data>
          <Data name="成獣/幼獣">
            <value>不明</value>
          </Data>
          <Data name="頭数">
            <value>１頭</value>
          </Data>
          <Data name="発生地域">
            <value>三ツ割字鉢ノ皮</value>
          </Data>
          <Data name="緯度">
            <value>39.74233503</value>
          </Data>
          <Data name="経度">
            <value>141.166211</value>
          </Data>
          <Data name="説明">
            <value>住宅地内で成獣１頭を目撃。西に移動していった。</value>
          </Data>
        </ExtendedData>
        <Point>
          <coordinates>
            141.166211,39.74233503,0
          </coordinates>
        </Point>
      </Placemark>
      <Placemark>
        <name>令和8年5月15日(本宮一丁目
 本宮二丁目)</name>
        <description><![CDATA[出没区分: 01 目撃<br>名前: 令和8年5月15日<br>出没時間: 0:30<br>成獣/幼獣: 不明<br>頭数: １頭<br>発生地域: 本宮一丁目<br> 本宮二丁目<br>緯度: 39.68813599<br>経度: 141.1410174<br>説明: 住宅地内でクマ１頭を目撃。（移動方向不明）]]></description>
        <styleUrl>#icon-1759-FFEA00</styleUrl>
        <ExtendedData>
          <Data name="出没区分">
            <value>01 目撃</value>
          </Data>
          <Data name="名前">
            <value>令和8年5月15日</value>
          </Data>
          <Data name="出没時間">
            <value>0:30</value>
          </Data>
          <Data name="成獣/幼獣">
            <value>不明</value>
          </Data>
          <Data name="頭数">
            <value>１頭</value>
          </Data>
          <Data name="発生地域">
            <value>本宮一丁目
 本宮二丁目</value>
          </Data>
          <Data name="緯度">
            <value>39.68813599</value>
          </Data>
          <Data name="経度">
            <value>141.1410174</value>
          </Data>
          <Data name="説明">
            <value>住宅地内でクマ１頭を目撃。（移動方向不明）</value>
          </Data>
        </ExtendedData>
        <Point>
          <coordinates>
            141.1410174,39.68813599,0
          </coordinates>
        </Point>
      </Placemark>
      <Placemark>
        <name>令和8年5月16日(浅岸字綱取)</name>
        <description><![CDATA[出没区分: 01 目撃<br>名前: 令和8年5月16日<br>出没時間: 10:30<br>成獣/幼獣: 不明<br>頭数: １頭<br>発生地域: 浅岸字綱取<br>緯度: 39.71902163<br>経度: 141.2070014<br>説明: 綱取スポーツセンター付近でクマ１頭を目撃。（移動方向不明）]]></description>
        <styleUrl>#icon-1759-FFEA00</styleUrl>
        <ExtendedData>
          <Data name="出没区分">
            <value>01 目撃</value>
          </Data>
          <Data name="名前">
            <value>令和8年5月16日</value>
          </Data>
          <Data name="出没時間">
            <value>10:30</value>
          </Data>
          <Data name="成獣/幼獣">
            <value>不明</value>
          </Data>
          <Data name="頭数">
            <value>１頭</value>
          </Data>
          <Data name="発生地域">
            <value>浅岸字綱取</value>
          </Data>
          <Data name="緯度">
            <value>39.71902163</value>
          </Data>
          <Data name="経度">
            <value>141.2070014</value>
          </Data>
          <Data name="説明">
            <value>綱取スポーツセンター付近でクマ１頭を目撃。（移動方向不明）</value>
          </Data>
        </ExtendedData>
        <Point>
          <coordinates>
            141.2070014,39.71902163,0
          </coordinates>
        </Point>
      </Placemark>
      <Placemark>
        <name>令和8年5月16日(渋民字泉田)</name>
        <description><![CDATA[出没区分: 01 目撃<br>名前: 令和8年5月16日<br>出没時間: 21:30<br>成獣/幼獣: 成獣<br>頭数: １頭<br>発生地域: 渋民字泉田<br>緯度: 39.846942<br>経度: 141.169925<br>説明: 付近で成獣１頭を目撃。（移動方向不明。）]]></description>
        <styleUrl>#icon-1759-FFEA00</styleUrl>
        <ExtendedData>
          <Data name="出没区分">
            <value>01 目撃</value>
          </Data>
          <Data name="名前">
            <value>令和8年5月16日</value>
          </Data>
          <Data name="出没時間">
            <value>21:30</value>
          </Data>
          <Data name="成獣/幼獣">
            <value>成獣</value>
          </Data>
          <Data name="頭数">
            <value>１頭</value>
          </Data>
          <Data name="発生地域">
            <value>渋民字泉田</value>
          </Data>
          <Data name="緯度">
            <value>39.846942</value>
          </Data>
          <Data name="経度">
            <value>141.169925</value>
          </Data>
          <Data name="説明">
            <value>付近で成獣１頭を目撃。（移動方向不明。）</value>
          </Data>
        </ExtendedData>
        <Point>
          <coordinates>
            141.169925,39.846942,0
          </coordinates>
        </Point>
      </Placemark>
      <Placemark>
        <name>令和8年5月16日(東見前４地割)</name>
        <description><![CDATA[出没区分: 01 目撃<br>名前: 令和8年5月16日<br>出没時間: 22:05<br>成獣/幼獣: 幼獣<br>頭数: １頭<br>発生地域: 東見前４地割<br>緯度: 39.63702018<br>経度: 141.1723714<br>説明: 住宅地内でクマらしきもの１頭を目撃（移動方向不明）]]></description>
        <styleUrl>#icon-1759-FFEA00</styleUrl>
        <ExtendedData>
          <Data name="出没区分">
            <value>01 目撃</value>
          </Data>
          <Data name="名前">
            <value>令和8年5月16日</value>
          </Data>
          <Data name="出没時間">
            <value>22:05</value>
          </Data>
          <Data name="成獣/幼獣">
            <value>幼獣</value>
          </Data>
          <Data name="頭数">
            <value>１頭</value>
          </Data>
          <Data name="発生地域">
            <value>東見前４地割</value>
          </Data>
          <Data name="緯度">
            <value>39.63702018</value>
          </Data>
          <Data name="経度">
            <value>141.1723714</value>
          </Data>
          <Data name="説明">
            <value>住宅地内でクマらしきもの１頭を目撃（移動方向不明）</value>
          </Data>
        </ExtendedData>
        <Point>
          <coordinates>
            141.1723714,39.63702018,0
          </coordinates>
        </Point>
      </Placemark>
      <Placemark>
        <name>令和8年5月17日(高松二丁目)</name>
        <description><![CDATA[出没区分: 01 目撃<br>名前: 令和8年5月17日<br>出没時間: 3:30<br>成獣/幼獣: 成獣<br>頭数: １頭<br>発生地域: 高松二丁目<br>緯度: 39.72649426<br>経度: 141.1307389<br>説明: 手掛の松緑地で成獣１頭を目撃。西（北上川方向）に向かって移動していった。]]></description>
        <styleUrl>#icon-1759-FFEA00</styleUrl>
        <ExtendedData>
          <Data name="出没区分">
            <value>01 目撃</value>
          </Data>
          <Data name="名前">
            <value>令和8年5月17日</value>
          </Data>
          <Data name="出没時間">
            <value>3:30</value>
          </Data>
          <Data name="成獣/幼獣">
            <value>成獣</value>
          </Data>
          <Data name="頭数">
            <value>１頭</value>
          </Data>
          <Data name="発生地域">
            <value>高松二丁目</value>
          </Data>
          <Data name="緯度">
            <value>39.72649426</value>
          </Data>
          <Data name="経度">
            <value>141.1307389</value>
          </Data>
          <Data name="説明">
            <value>手掛の松緑地で成獣１頭を目撃。西（北上川方向）に向かって移動していった。</value>
          </Data>
        </ExtendedData>
        <Point>
          <coordinates>
            141.1307389,39.72649426,0
          </coordinates>
        </Point>
      </Placemark>
      <Placemark>
        <name>令和8年5月18日(三ツ割字鉢ノ皮)</name>
        <description><![CDATA[出没区分: 01 目撃<br>名前: 令和8年5月18日<br>出没時間: 15:00<br>成獣/幼獣: 成獣<br>頭数: １頭<br>発生地域: 三ツ割字鉢ノ皮<br>緯度: 39.73614826<br>経度: 141.1560207<br>説明: 道路を横断する成獣のクマらしきもの１頭を目撃。（移動方向不明）]]></description>
        <styleUrl>#icon-1759-FFEA00</styleUrl>
        <ExtendedData>
          <Data name="出没区分">
            <value>01 目撃</value>
          </Data>
          <Data name="名前">
            <value>令和8年5月18日</value>
          </Data>
          <Data name="出没時間">
            <value>15:00</value>
          </Data>
          <Data name="成獣/幼獣">
            <value>成獣</value>
          </Data>
          <Data name="頭数">
            <value>１頭</value>
          </Data>
          <Data name="発生地域">
            <value>三ツ割字鉢ノ皮</value>
          </Data>
          <Data name="緯度">
            <value>39.73614826</value>
          </Data>
          <Data name="経度">
            <value>141.1560207</value>
          </Data>
          <Data name="説明">
            <value>道路を横断する成獣のクマらしきもの１頭を目撃。（移動方向不明）</value>
          </Data>
        </ExtendedData>
        <Point>
          <coordinates>
            141.1560207,39.73614826,0
          </coordinates>
        </Point>
      </Placemark>
      <Placemark>
        <name>令和8年5月18日(山王町)</name>
        <description><![CDATA[出没区分: 01 目撃<br>名前: 令和8年5月18日<br>出没時間: 19:30<br>成獣/幼獣: 成獣<br>頭数: １頭<br>発生地域: 山王町<br>緯度: 39.69836205<br>経度: 　141.16825838227976<br>説明: 山王橋歩道橋付近の国道４号線で成獣１頭を目撃。東側から茶畑方面に移動していった。]]></description>
        <styleUrl>#icon-1759-FFEA00</styleUrl>
        <ExtendedData>
          <Data name="出没区分">
            <value>01 目撃</value>
          </Data>
          <Data name="名前">
            <value>令和8年5月18日</value>
          </Data>
          <Data name="出没時間">
            <value>19:30</value>
          </Data>
          <Data name="成獣/幼獣">
            <value>成獣</value>
          </Data>
          <Data name="頭数">
            <value>１頭</value>
          </Data>
          <Data name="発生地域">
            <value>山王町</value>
          </Data>
          <Data name="緯度">
            <value>39.69836205</value>
          </Data>
          <Data name="経度">
            <value>　141.16825838227976</value>
          </Data>
          <Data name="説明">
            <value>山王橋歩道橋付近の国道４号線で成獣１頭を目撃。東側から茶畑方面に移動していった。</value>
          </Data>
        </ExtendedData>
        <Point>
          <coordinates>
            141.16825838228,39.69836205,0
          </coordinates>
        </Point>
      </Placemark>
      <Placemark>
        <name>令和8年5月19日(黒川４地割)</name>
        <description><![CDATA[出没区分: 01 目撃<br>名前: 令和8年5月19日<br>出没時間: 19:55<br>成獣/幼獣: 成獣<br>頭数: １頭<br>発生地域: 黒川４地割<br>緯度: 39.63939339<br>経度: 141.2006575<br>説明: 採石場付近で成獣１頭を目撃。南側の藪に移動していった。<br>]]></description>
        <styleUrl>#icon-1759-FFEA00</styleUrl>
        <ExtendedData>
          <Data name="出没区分">
            <value>01 目撃</value>
          </Data>
          <Data name="名前">
            <value>令和8年5月19日</value>
          </Data>
          <Data name="出没時間">
            <value>19:55</value>
          </Data>
          <Data name="成獣/幼獣">
            <value>成獣</value>
          </Data>
          <Data name="頭数">
            <value>１頭</value>
          </Data>
          <Data name="発生地域">
            <value>黒川４地割</value>
          </Data>
          <Data name="緯度">
            <value>39.63939339</value>
          </Data>
          <Data name="経度">
            <value>141.2006575</value>
          </Data>
          <Data name="説明">
            <value>採石場付近で成獣１頭を目撃。南側の藪に移動していった。
</value>
          </Data>
        </ExtendedData>
        <Point>
          <coordinates>
            141.2006575,39.63939339,0
          </coordinates>
        </Point>
      </Placemark>
      <Placemark>
        <name>令和8年5月20日(山王町)</name>
        <description><![CDATA[出没区分: 01 目撃<br>名前: 令和8年5月20日<br>出没時間: 6:10<br>成獣/幼獣: 成獣<br>頭数: １頭<br>発生地域: 山王町<br>緯度: 39.69808821<br>経度: 141.1648972<br>説明: 住宅地内で成獣１頭を目撃。西に移動していった。]]></description>
        <styleUrl>#icon-1759-FFEA00</styleUrl>
        <ExtendedData>
          <Data name="出没区分">
            <value>01 目撃</value>
          </Data>
          <Data name="名前">
            <value>令和8年5月20日</value>
          </Data>
          <Data name="出没時間">
            <value>6:10</value>
          </Data>
          <Data name="成獣/幼獣">
            <value>成獣</value>
          </Data>
          <Data name="頭数">
            <value>１頭</value>
          </Data>
          <Data name="発生地域">
            <value>山王町</value>
          </Data>
          <Data name="緯度">
            <value>39.69808821</value>
          </Data>
          <Data name="経度">
            <value>141.1648972</value>
          </Data>
          <Data name="説明">
            <value>住宅地内で成獣１頭を目撃。西に移動していった。</value>
          </Data>
        </ExtendedData>
        <Point>
          <coordinates>
            141.1648972,39.69808821,0
          </coordinates>
        </Point>
      </Placemark>
      <Placemark>
        <name>令和8年5月20日(高松二丁目)</name>
        <description><![CDATA[出没区分: 01 目撃<br>名前: 令和8年5月20日<br>出没時間: 21:00<br>成獣/幼獣: 不明<br>頭数: １頭<br>発生地域: 高松二丁目<br>緯度: 39.72489158<br>経度: 141.1314051<br>説明: 事業所敷地付近でクマらしきもの１頭を目撃。（移動方向不明）]]></description>
        <styleUrl>#icon-1759-FFEA00</styleUrl>
        <ExtendedData>
          <Data name="出没区分">
            <value>01 目撃</value>
          </Data>
          <Data name="名前">
            <value>令和8年5月20日</value>
          </Data>
          <Data name="出没時間">
            <value>21:00</value>
          </Data>
          <Data name="成獣/幼獣">
            <value>不明</value>
          </Data>
          <Data name="頭数">
            <value>１頭</value>
          </Data>
          <Data name="発生地域">
            <value>高松二丁目</value>
          </Data>
          <Data name="緯度">
            <value>39.72489158</value>
          </Data>
          <Data name="経度">
            <value>141.1314051</value>
          </Data>
          <Data name="説明">
            <value>事業所敷地付近でクマらしきもの１頭を目撃。（移動方向不明）</value>
          </Data>
        </ExtendedData>
        <Point>
          <coordinates>
            141.1314051,39.72489158,0
          </coordinates>
        </Point>
      </Placemark>
      <Placemark>
        <name>令和8年5月24日(新庄字下八木田)</name>
        <description><![CDATA[出没区分: 01 目撃<br>名前: 令和8年5月24日<br>出没時間: 15:00<br>成獣/幼獣: 不明<br>頭数: １頭<br>発生地域: 新庄字下八木田<br>緯度: 39.69635757<br>経度: 141.2098319<br>説明: 盛岡競馬場通用口付近でクマ１頭を目撃。西に移動していった。]]></description>
        <styleUrl>#icon-1759-FFEA00</styleUrl>
        <ExtendedData>
          <Data name="出没区分">
            <value>01 目撃</value>
          </Data>
          <Data name="名前">
            <value>令和8年5月24日</value>
          </Data>
          <Data name="出没時間">
            <value>15:00</value>
          </Data>
          <Data name="成獣/幼獣">
            <value>不明</value>
          </Data>
          <Data name="頭数">
            <value>１頭</value>
          </Data>
          <Data name="発生地域">
            <value>新庄字下八木田</value>
          </Data>
          <Data name="緯度">
            <value>39.69635757</value>
          </Data>
          <Data name="経度">
            <value>141.2098319</value>
          </Data>
          <Data name="説明">
            <value>盛岡競馬場通用口付近でクマ１頭を目撃。西に移動していった。</value>
          </Data>
        </ExtendedData>
        <Point>
          <coordinates>
            141.2098319,39.69635757,0
          </coordinates>
        </Point>
      </Placemark>
      <Placemark>
        <name>令和8年5月24日(大ケ生18地割)</name>
        <description><![CDATA[出没区分: 02 痕跡<br>名前: 令和8年5月24日<br>出没時間: 20:00<br>成獣/幼獣: 成獣<br>頭数: １頭<br>発生地域: 大ケ生18地割<br>緯度: 39.60736734<br>経度: 141.2381027<br>説明: 住宅敷地内の小屋でクマの痕跡を確認。]]></description>
        <styleUrl>#icon-1759-FFEA00</styleUrl>
        <ExtendedData>
          <Data name="出没区分">
            <value>02 痕跡</value>
          </Data>
          <Data name="名前">
            <value>令和8年5月24日</value>
          </Data>
          <Data name="出没時間">
            <value>20:00</value>
          </Data>
          <Data name="成獣/幼獣">
            <value>成獣</value>
          </Data>
          <Data name="頭数">
            <value>１頭</value>
          </Data>
          <Data name="発生地域">
            <value>大ケ生18地割</value>
          </Data>
          <Data name="緯度">
            <value>39.60736734</value>
          </Data>
          <Data name="経度">
            <value>141.2381027</value>
          </Data>
          <Data name="説明">
            <value>住宅敷地内の小屋でクマの痕跡を確認。</value>
          </Data>
        </ExtendedData>
        <Point>
          <coordinates>
            141.2381027,39.60736734,0
          </coordinates>
        </Point>
      </Placemark>
      <Placemark>
        <name>令和8年5月25日(繋字除キ)</name>
        <description><![CDATA[出没区分: 01 目撃<br>名前: 令和8年5月25日<br>出没時間: 16:20<br>成獣/幼獣: 幼獣<br>頭数: １頭<br>発生地域: 繋字除キ<br>緯度: 39.66820457<br>経度: 141.0015487<br>説明: 盛岡市立つなぎ多目的運動場の駐車場で幼獣１頭を目撃。南（山林方向）に向かって移動していった。]]></description>
        <styleUrl>#icon-1759-FFEA00</styleUrl>
        <ExtendedData>
          <Data name="出没区分">
            <value>01 目撃</value>
          </Data>
          <Data name="名前">
            <value>令和8年5月25日</value>
          </Data>
          <Data name="出没時間">
            <value>16:20</value>
          </Data>
          <Data name="成獣/幼獣">
            <value>幼獣</value>
          </Data>
          <Data name="頭数">
            <value>１頭</value>
          </Data>
          <Data name="発生地域">
            <value>繋字除キ</value>
          </Data>
          <Data name="緯度">
            <value>39.66820457</value>
          </Data>
          <Data name="経度">
            <value>141.0015487</value>
          </Data>
          <Data name="説明">
            <value>盛岡市立つなぎ多目的運動場の駐車場で幼獣１頭を目撃。南（山林方向）に向かって移動していった。</value>
          </Data>
        </ExtendedData>
        <Point>
          <coordinates>
            141.0015487,39.66820457,0
          </coordinates>
        </Point>
      </Placemark>
      <Placemark>
        <name>令和8年5月25日(川又字道地)</name>
        <description><![CDATA[出没区分: 01 目撃<br>名前: 令和8年5月25日<br>出没時間: 不明<br>成獣/幼獣: 成獣<br> 幼獣<br>頭数: 3頭<br>発生地域: 川又字道地<br>緯度: 39.788284<br>経度: 141.203221<br>説明: 飛田川の南岸の山端で親子グマ３頭を目撃。（移動方向不明）]]></description>
        <styleUrl>#icon-1759-FFEA00</styleUrl>
        <ExtendedData>
          <Data name="出没区分">
            <value>01 目撃</value>
          </Data>
          <Data name="名前">
            <value>令和8年5月25日</value>
          </Data>
          <Data name="出没時間">
            <value>不明</value>
          </Data>
          <Data name="成獣/幼獣">
            <value>成獣
 幼獣</value>
          </Data>
          <Data name="頭数">
            <value>3頭</value>
          </Data>
          <Data name="発生地域">
            <value>川又字道地</value>
          </Data>
          <Data name="緯度">
            <value>39.788284</value>
          </Data>
          <Data name="経度">
            <value>141.203221</value>
          </Data>
          <Data name="説明">
            <value>飛田川の南岸の山端で親子グマ３頭を目撃。（移動方向不明）</value>
          </Data>
        </ExtendedData>
        <Point>
          <coordinates>
            141.203221,39.788284,0
          </coordinates>
        </Point>
      </Placemark>
      <Placemark>
        <name>令和8年5月26日(繋字萪内沢)</name>
        <description><![CDATA[出没区分: 01 目撃<br>名前: 令和8年5月26日<br>出没時間: 16:00<br>成獣/幼獣: 不明<br>頭数: １頭<br>発生地域: 繋字萪内沢<br>緯度: 39.67203913<br>経度: 141.0119551<br>説明: 橋上からクマ１頭を目撃。（移動方向不明）]]></description>
        <styleUrl>#icon-1759-FFEA00</styleUrl>
        <ExtendedData>
          <Data name="出没区分">
            <value>01 目撃</value>
          </Data>
          <Data name="名前">
            <value>令和8年5月26日</value>
          </Data>
          <Data name="出没時間">
            <value>16:00</value>
          </Data>
          <Data name="成獣/幼獣">
            <value>不明</value>
          </Data>
          <Data name="頭数">
            <value>１頭</value>
          </Data>
          <Data name="発生地域">
            <value>繋字萪内沢</value>
          </Data>
          <Data name="緯度">
            <value>39.67203913</value>
          </Data>
          <Data name="経度">
            <value>141.0119551</value>
          </Data>
          <Data name="説明">
            <value>橋上からクマ１頭を目撃。（移動方向不明）</value>
          </Data>
        </ExtendedData>
        <Point>
          <coordinates>
            141.0119551,39.67203913,0
          </coordinates>
        </Point>
      </Placemark>
      <Placemark>
        <name>令和8年5月26日(茶畑)</name>
        <description><![CDATA[出没区分: 01 目撃<br>名前: 令和8年5月26日<br>出没時間: 16:15<br>成獣/幼獣: 成獣<br> 幼獣<br>頭数: 1頭<br> １頭<br>発生地域: 茶畑<br>緯度: 39.69359739<br>経度: 141.1616186<br>説明: らかん児童公園北側で親子グマ２頭を目撃。八幡宮方面に移動していった。]]></description>
        <styleUrl>#icon-1759-FFEA00</styleUrl>
        <ExtendedData>
          <Data name="出没区分">
            <value>01 目撃</value>
          </Data>
          <Data name="名前">
            <value>令和8年5月26日</value>
          </Data>
          <Data name="出没時間">
            <value>16:15</value>
          </Data>
          <Data name="成獣/幼獣">
            <value>成獣
 幼獣</value>
          </Data>
          <Data name="頭数">
            <value>1頭
 １頭</value>
          </Data>
          <Data name="発生地域">
            <value>茶畑</value>
          </Data>
          <Data name="緯度">
            <value>39.69359739</value>
          </Data>
          <Data name="経度">
            <value>141.1616186</value>
          </Data>
          <Data name="説明">
            <value>らかん児童公園北側で親子グマ２頭を目撃。八幡宮方面に移動していった。</value>
          </Data>
        </ExtendedData>
        <Point>
          <coordinates>
            141.1616186,39.69359739,0
          </coordinates>
        </Point>
      </Placemark>
      <Placemark>
        <name>令和8年5月26日(中野二丁目)</name>
        <description><![CDATA[出没区分: 01 目撃<br>名前: 令和8年5月26日<br>出没時間: 21:55<br>成獣/幼獣: 不明<br>頭数: １頭<br>発生地域: 中野二丁目<br>緯度: 39.69224699<br>経度: 141.1685689<br>説明: 住宅地内でクマ１頭を目撃。東に移動していった。]]></description>
        <styleUrl>#icon-1759-FFEA00</styleUrl>
        <ExtendedData>
          <Data name="出没区分">
            <value>01 目撃</value>
          </Data>
          <Data name="名前">
            <value>令和8年5月26日</value>
          </Data>
          <Data name="出没時間">
            <value>21:55</value>
          </Data>
          <Data name="成獣/幼獣">
            <value>不明</value>
          </Data>
          <Data name="頭数">
            <value>１頭</value>
          </Data>
          <Data name="発生地域">
            <value>中野二丁目</value>
          </Data>
          <Data name="緯度">
            <value>39.69224699</value>
          </Data>
          <Data name="経度">
            <value>141.1685689</value>
          </Data>
          <Data name="説明">
            <value>住宅地内でクマ１頭を目撃。東に移動していった。</value>
          </Data>
        </ExtendedData>
        <Point>
          <coordinates>
            141.1685689,39.69224699,0
          </coordinates>
        </Point>
      </Placemark>
      <Placemark>
        <name>令和8年5月27日(新庄字小貝沢)</name>
        <description><![CDATA[出没区分: 02 痕跡<br>名前: 令和8年5月27日<br>出没時間: 不明<br>成獣/幼獣: 不明<br>頭数: 不明<br>発生地域: 新庄字小貝沢<br>緯度: 39.70734515<br>経度: 141.2747412<br>説明: 住宅敷地内の小屋でクマの痕跡を確認。]]></description>
        <styleUrl>#icon-1759-FFEA00</styleUrl>
        <ExtendedData>
          <Data name="出没区分">
            <value>02 痕跡</value>
          </Data>
          <Data name="名前">
            <value>令和8年5月27日</value>
          </Data>
          <Data name="出没時間">
            <value>不明</value>
          </Data>
          <Data name="成獣/幼獣">
            <value>不明</value>
          </Data>
          <Data name="頭数">
            <value>不明</value>
          </Data>
          <Data name="発生地域">
            <value>新庄字小貝沢</value>
          </Data>
          <Data name="緯度">
            <value>39.70734515</value>
          </Data>
          <Data name="経度">
            <value>141.2747412</value>
          </Data>
          <Data name="説明">
            <value>住宅敷地内の小屋でクマの痕跡を確認。</value>
          </Data>
        </ExtendedData>
        <Point>
          <coordinates>
            141.2747412,39.70734515,0
          </coordinates>
        </Point>
      </Placemark>
      <Placemark>
        <name>令和8年5月28日(乙部９地割)</name>
        <description><![CDATA[出没区分: 01 目撃<br>名前: 令和8年5月28日<br>出没時間: 7:00<br>成獣/幼獣: 成獣<br>幼獣<br>頭数: 1頭<br>１頭<br>発生地域: 乙部９地割<br>緯度: 39.61617943<br>経度: 141.2086269<br>説明: 畑付近で親子グマ２頭を目撃。（移動方向不明）]]></description>
        <styleUrl>#icon-1759-FFEA00</styleUrl>
        <ExtendedData>
          <Data name="出没区分">
            <value>01 目撃</value>
          </Data>
          <Data name="名前">
            <value>令和8年5月28日</value>
          </Data>
          <Data name="出没時間">
            <value>7:00</value>
          </Data>
          <Data name="成獣/幼獣">
            <value>成獣
幼獣</value>
          </Data>
          <Data name="頭数">
            <value>1頭
１頭</value>
          </Data>
          <Data name="発生地域">
            <value>乙部９地割</value>
          </Data>
          <Data name="緯度">
            <value>39.61617943</value>
          </Data>
          <Data name="経度">
            <value>141.2086269</value>
          </Data>
          <Data name="説明">
            <value>畑付近で親子グマ２頭を目撃。（移動方向不明）</value>
          </Data>
        </ExtendedData>
        <Point>
          <coordinates>
            141.2086269,39.61617943,0
          </coordinates>
        </Point>
      </Placemark>
      <Placemark>
        <name>令和8年5月28日(住吉町)</name>
        <description><![CDATA[出没区分: 01 目撃<br>名前: 令和8年5月28日<br>出没時間: 9:40<br>成獣/幼獣: 成獣<br> 幼獣<br>頭数: 1頭<br> １頭<br>発生地域: 住吉町<br>緯度: 39.70093209<br>経度: 141.1646624<br>説明: 住吉神社の付近で親子グマ２頭を目撃。（移動方向不明）]]></description>
        <styleUrl>#icon-1759-FFEA00</styleUrl>
        <ExtendedData>
          <Data name="出没区分">
            <value>01 目撃</value>
          </Data>
          <Data name="名前">
            <value>令和8年5月28日</value>
          </Data>
          <Data name="出没時間">
            <value>9:40</value>
          </Data>
          <Data name="成獣/幼獣">
            <value>成獣
 幼獣</value>
          </Data>
          <Data name="頭数">
            <value>1頭
 １頭</value>
          </Data>
          <Data name="発生地域">
            <value>住吉町</value>
          </Data>
          <Data name="緯度">
            <value>39.70093209</value>
          </Data>
          <Data name="経度">
            <value>141.1646624</value>
          </Data>
          <Data name="説明">
            <value>住吉神社の付近で親子グマ２頭を目撃。（移動方向不明）</value>
          </Data>
        </ExtendedData>
        <Point>
          <coordinates>
            141.1646624,39.70093209,0
          </coordinates>
        </Point>
      </Placemark>
      <Placemark>
        <name>令和8年5月29日(中央通二丁目)</name>
        <description><![CDATA[出没区分: 01 目撃<br>名前: 令和8年5月29日<br>出没時間: 23:29<br>成獣/幼獣: 幼獣<br>頭数: １頭<br>発生地域: 中央通二丁目<br>緯度: 39.70564748<br>経度: 141.1447836<br>説明: 住宅地内で幼獣１頭を目撃。（移動方向不明）]]></description>
        <styleUrl>#icon-1759-FFEA00</styleUrl>
        <ExtendedData>
          <Data name="出没区分">
            <value>01 目撃</value>
          </Data>
          <Data name="名前">
            <value>令和8年5月29日</value>
          </Data>
          <Data name="出没時間">
            <value>23:29</value>
          </Data>
          <Data name="成獣/幼獣">
            <value>幼獣</value>
          </Data>
          <Data name="頭数">
            <value>１頭</value>
          </Data>
          <Data name="発生地域">
            <value>中央通二丁目</value>
          </Data>
          <Data name="緯度">
            <value>39.70564748</value>
          </Data>
          <Data name="経度">
            <value>141.1447836</value>
          </Data>
          <Data name="説明">
            <value>住宅地内で幼獣１頭を目撃。（移動方向不明）</value>
          </Data>
        </ExtendedData>
        <Point>
          <coordinates>
            141.1447836,39.70564748,0
          </coordinates>
        </Point>
      </Placemark>
      <Placemark>
        <name>令和8年5月31日(湯沢西一丁目
湯沢東三丁目
流通センター北一丁目
湯沢15地割)</name>
        <description><![CDATA[出没区分: 01 目撃<br>名前: 令和8年5月31日<br>出没時間: 12:23<br>成獣/幼獣: 成獣<br>頭数: １頭<br>発生地域: 湯沢西一丁目<br>湯沢東三丁目<br>流通センター北一丁目<br>湯沢15地割<br>緯度: 39.64230676<br>経度: 141.0973516<br>説明: 湯沢中央公園付近で成獣１頭を目撃。その後、周辺で複数の目撃情報があり、13時52分頃に湯沢15地割で目撃された。]]></description>
        <styleUrl>#icon-1759-FFEA00</styleUrl>
        <ExtendedData>
          <Data name="出没区分">
            <value>01 目撃</value>
          </Data>
          <Data name="名前">
            <value>令和8年5月31日</value>
          </Data>
          <Data name="出没時間">
            <value>12:23</value>
          </Data>
          <Data name="成獣/幼獣">
            <value>成獣</value>
          </Data>
          <Data name="頭数">
            <value>１頭</value>
          </Data>
          <Data name="発生地域">
            <value>湯沢西一丁目
湯沢東三丁目
流通センター北一丁目
湯沢15地割</value>
          </Data>
          <Data name="緯度">
            <value>39.64230676</value>
          </Data>
          <Data name="経度">
            <value>141.0973516</value>
          </Data>
          <Data name="説明">
            <value>湯沢中央公園付近で成獣１頭を目撃。その後、周辺で複数の目撃情報があり、13時52分頃に湯沢15地割で目撃された。</value>
          </Data>
        </ExtendedData>
        <Point>
          <coordinates>
            141.0973516,39.64230676,0
          </coordinates>
        </Point>
      </Placemark>
      <Placemark>
        <name>令和8年5月31日(繋字除キ)</name>
        <description><![CDATA[出没区分: 01 目撃<br>名前: 令和8年5月31日<br>出没時間: 12:37<br>成獣/幼獣: 不明<br>頭数: １頭<br>発生地域: 繋字除キ<br>緯度: 39.66653086<br>経度: 141.0000109<br>説明: つなぎ多目的運動場付近でクマ１頭を目撃。（移動方向不明）]]></description>
        <styleUrl>#icon-1759-FFEA00</styleUrl>
        <ExtendedData>
          <Data name="出没区分">
            <value>01 目撃</value>
          </Data>
          <Data name="名前">
            <value>令和8年5月31日</value>
          </Data>
          <Data name="出没時間">
            <value>12:37</value>
          </Data>
          <Data name="成獣/幼獣">
            <value>不明</value>
          </Data>
          <Data name="頭数">
            <value>１頭</value>
          </Data>
          <Data name="発生地域">
            <value>繋字除キ</value>
          </Data>
          <Data name="緯度">
            <value>39.66653086</value>
          </Data>
          <Data name="経度">
            <value>141.0000109</value>
          </Data>
          <Data name="説明">
            <value>つなぎ多目的運動場付近でクマ１頭を目撃。（移動方向不明）</value>
          </Data>
        </ExtendedData>
        <Point>
          <coordinates>
            141.0000109,39.66653086,0
          </coordinates>
        </Point>
      </Placemark>
      <Placemark>
        <name>令和8年6月1日(繋字除キ)</name>
        <description><![CDATA[出没区分: 01 目撃<br>名前: 令和8年6月1日<br>出没時間: 7:37<br>成獣/幼獣: 幼獣<br>頭数: １頭<br>発生地域: 繋字除キ<br>緯度: 39.66483419<br>経度: 140.9979834<br>説明: 慰霊の森入り口付近で幼獣１頭を目撃。木に登っている。]]></description>
        <styleUrl>#icon-1759-FFEA00</styleUrl>
        <ExtendedData>
          <Data name="出没区分">
            <value>01 目撃</value>
          </Data>
          <Data name="名前">
            <value>令和8年6月1日</value>
          </Data>
          <Data name="出没時間">
            <value>7:37</value>
          </Data>
          <Data name="成獣/幼獣">
            <value>幼獣</value>
          </Data>
          <Data name="頭数">
            <value>１頭</value>
          </Data>
          <Data name="発生地域">
            <value>繋字除キ</value>
          </Data>
          <Data name="緯度">
            <value>39.66483419</value>
          </Data>
          <Data name="経度">
            <value>140.9979834</value>
          </Data>
          <Data name="説明">
            <value>慰霊の森入り口付近で幼獣１頭を目撃。木に登っている。</value>
          </Data>
        </ExtendedData>
        <Point>
          <coordinates>
            140.9979834,39.66483419,0
          </coordinates>
        </Point>
      </Placemark>
      <Placemark>
        <name>令和8年6月1日(黒石野一丁目)</name>
        <description><![CDATA[出没区分: 01 目撃<br>名前: 令和8年6月1日<br>出没時間: 19:55<br>成獣/幼獣: 成獣<br>頭数: １頭<br>発生地域: 黒石野一丁目<br>緯度: 39.74254064<br>経度: 141.1477206<br>説明: くろいしの保育園付近で成獣１頭を目撃。（移動方向不明）]]></description>
        <styleUrl>#icon-1759-FFEA00</styleUrl>
        <ExtendedData>
          <Data name="出没区分">
            <value>01 目撃</value>
          </Data>
          <Data name="名前">
            <value>令和8年6月1日</value>
          </Data>
          <Data name="出没時間">
            <value>19:55</value>
          </Data>
          <Data name="成獣/幼獣">
            <value>成獣</value>
          </Data>
          <Data name="頭数">
            <value>１頭</value>
          </Data>
          <Data name="発生地域">
            <value>黒石野一丁目</value>
          </Data>
          <Data name="緯度">
            <value>39.74254064</value>
          </Data>
          <Data name="経度">
            <value>141.1477206</value>
          </Data>
          <Data name="説明">
            <value>くろいしの保育園付近で成獣１頭を目撃。（移動方向不明）</value>
          </Data>
        </ExtendedData>
        <Point>
          <coordinates>
            141.1477206,39.74254064,0
          </coordinates>
        </Point>
      </Placemark>
      <Placemark>
        <name>令和8年6月1日(新庄町)</name>
        <description><![CDATA[出没区分: 01 目撃<br>名前: 令和8年6月1日<br>出没時間: 22:00<br>成獣/幼獣: 成獣<br>頭数: １頭<br>発生地域: 新庄町<br>緯度: 39.70431033<br>経度: 141.1702325<br>説明: 岩山入口交差点付近で成獣１頭を目撃。西に移動していった。]]></description>
        <styleUrl>#icon-1759-FFEA00</styleUrl>
        <ExtendedData>
          <Data name="出没区分">
            <value>01 目撃</value>
          </Data>
          <Data name="名前">
            <value>令和8年6月1日</value>
          </Data>
          <Data name="出没時間">
            <value>22:00</value>
          </Data>
          <Data name="成獣/幼獣">
            <value>成獣</value>
          </Data>
          <Data name="頭数">
            <value>１頭</value>
          </Data>
          <Data name="発生地域">
            <value>新庄町</value>
          </Data>
          <Data name="緯度">
            <value>39.70431033</value>
          </Data>
          <Data name="経度">
            <value>141.1702325</value>
          </Data>
          <Data name="説明">
            <value>岩山入口交差点付近で成獣１頭を目撃。西に移動していった。</value>
          </Data>
        </ExtendedData>
        <Point>
          <coordinates>
            141.1702325,39.70431033,0
          </coordinates>
        </Point>
      </Placemark>
      <Placemark>
        <name>令和8年6月2日(小鳥沢二丁目)</name>
        <description><![CDATA[出没区分: 02 痕跡<br>名前: 令和8年6月2日<br>出没時間: 不明<br>成獣/幼獣: 不明<br>頭数: 不明<br>発生地域: 小鳥沢二丁目<br>緯度: 39.76651426<br>経度: 141.1711851<br>説明: 住宅裏の敷地内ののり面でクマの痕跡を確認。]]></description>
        <styleUrl>#icon-1759-FFEA00</styleUrl>
        <ExtendedData>
          <Data name="出没区分">
            <value>02 痕跡</value>
          </Data>
          <Data name="名前">
            <value>令和8年6月2日</value>
          </Data>
          <Data name="出没時間">
            <value>不明</value>
          </Data>
          <Data name="成獣/幼獣">
            <value>不明</value>
          </Data>
          <Data name="頭数">
            <value>不明</value>
          </Data>
          <Data name="発生地域">
            <value>小鳥沢二丁目</value>
          </Data>
          <Data name="緯度">
            <value>39.76651426</value>
          </Data>
          <Data name="経度">
            <value>141.1711851</value>
          </Data>
          <Data name="説明">
            <value>住宅裏の敷地内ののり面でクマの痕跡を確認。</value>
          </Data>
        </ExtendedData>
        <Point>
          <coordinates>
            141.1711851,39.76651426,0
          </coordinates>
        </Point>
      </Placemark>
      <Placemark>
        <name>令和8年6月2日(黒川６地割)</name>
        <description><![CDATA[出没区分: 01 目撃<br>名前: 令和8年6月2日<br>出没時間: 21:27<br>成獣/幼獣: 不明<br>頭数: 2頭<br>発生地域: 黒川６地割<br>緯度: 39.63814678<br>経度: 141.188258<br>説明: 住宅周辺でクマ２頭を目撃。東に移動していった。]]></description>
        <styleUrl>#icon-1759-FFEA00</styleUrl>
        <ExtendedData>
          <Data name="出没区分">
            <value>01 目撃</value>
          </Data>
          <Data name="名前">
            <value>令和8年6月2日</value>
          </Data>
          <Data name="出没時間">
            <value>21:27</value>
          </Data>
          <Data name="成獣/幼獣">
            <value>不明</value>
          </Data>
          <Data name="頭数">
            <value>2頭</value>
          </Data>
          <Data name="発生地域">
            <value>黒川６地割</value>
          </Data>
          <Data name="緯度">
            <value>39.63814678</value>
          </Data>
          <Data name="経度">
            <value>141.188258</value>
          </Data>
          <Data name="説明">
            <value>住宅周辺でクマ２頭を目撃。東に移動していった。</value>
          </Data>
        </ExtendedData>
        <Point>
          <coordinates>
            141.188258,39.63814678,0
          </coordinates>
        </Point>
      </Placemark>
      <Placemark>
        <name>令和8年6月3日(簗川第２地割)</name>
        <description><![CDATA[出没区分: 01 目撃<br>名前: 令和8年6月3日<br>出没時間: 10:00<br>成獣/幼獣: 成獣<br>幼獣<br>頭数: 1頭<br>2頭<br>発生地域: 簗川第２地割<br>緯度: 39.670817<br>経度: 141.328648<br>説明: 藪の近くで親子グマ3頭を目撃。（移動方向不明）]]></description>
        <styleUrl>#icon-1759-FFEA00</styleUrl>
        <ExtendedData>
          <Data name="出没区分">
            <value>01 目撃</value>
          </Data>
          <Data name="名前">
            <value>令和8年6月3日</value>
          </Data>
          <Data name="出没時間">
            <value>10:00</value>
          </Data>
          <Data name="成獣/幼獣">
            <value>成獣
幼獣</value>
          </Data>
          <Data name="頭数">
            <value>1頭
2頭</value>
          </Data>
          <Data name="発生地域">
            <value>簗川第２地割</value>
          </Data>
          <Data name="緯度">
            <value>39.670817</value>
          </Data>
          <Data name="経度">
            <value>141.328648</value>
          </Data>
          <Data name="説明">
            <value>藪の近くで親子グマ3頭を目撃。（移動方向不明）</value>
          </Data>
        </ExtendedData>
        <Point>
          <coordinates>
            141.328648,39.670817,0
          </coordinates>
        </Point>
      </Placemark>
      <Placemark>
        <name>令和8年6月3日(繋字上野)</name>
        <description><![CDATA[出没区分: 01 目撃<br>名前: 令和8年6月3日<br>出没時間: 10:45<br>成獣/幼獣: 幼獣<br>頭数: １頭<br>発生地域: 繋字上野<br>緯度: 39.671837<br>経度: 141.009591<br>説明: 道路を横断する幼獣１頭を目撃。南東に向かって移動していった。]]></description>
        <styleUrl>#icon-1759-FFEA00</styleUrl>
        <ExtendedData>
          <Data name="出没区分">
            <value>01 目撃</value>
          </Data>
          <Data name="名前">
            <value>令和8年6月3日</value>
          </Data>
          <Data name="出没時間">
            <value>10:45</value>
          </Data>
          <Data name="成獣/幼獣">
            <value>幼獣</value>
          </Data>
          <Data name="頭数">
            <value>１頭</value>
          </Data>
          <Data name="発生地域">
            <value>繋字上野</value>
          </Data>
          <Data name="緯度">
            <value>39.671837</value>
          </Data>
          <Data name="経度">
            <value>141.009591</value>
          </Data>
          <Data name="説明">
            <value>道路を横断する幼獣１頭を目撃。南東に向かって移動していった。</value>
          </Data>
        </ExtendedData>
        <Point>
          <coordinates>
            141.009591,39.671837,0
          </coordinates>
        </Point>
      </Placemark>
      <Placemark>
        <name>令和8年6月3日(乙部19地割)</name>
        <description><![CDATA[出没区分: 01 目撃<br>名前: 令和8年6月3日<br>出没時間: 17:20<br>成獣/幼獣: 成獣<br>頭数: １頭<br>発生地域: 乙部19地割<br>緯度: 39.61207674<br>経度: 141.2274653<br>説明: 住宅付近で成獣１頭を目撃。南に向かって移動していった。]]></description>
        <styleUrl>#icon-1759-FFEA00</styleUrl>
        <ExtendedData>
          <Data name="出没区分">
            <value>01 目撃</value>
          </Data>
          <Data name="名前">
            <value>令和8年6月3日</value>
          </Data>
          <Data name="出没時間">
            <value>17:20</value>
          </Data>
          <Data name="成獣/幼獣">
            <value>成獣</value>
          </Data>
          <Data name="頭数">
            <value>１頭</value>
          </Data>
          <Data name="発生地域">
            <value>乙部19地割</value>
          </Data>
          <Data name="緯度">
            <value>39.61207674</value>
          </Data>
          <Data name="経度">
            <value>141.2274653</value>
          </Data>
          <Data name="説明">
            <value>住宅付近で成獣１頭を目撃。南に向かって移動していった。</value>
          </Data>
        </ExtendedData>
        <Point>
          <coordinates>
            141.2274653,39.61207674,0
          </coordinates>
        </Point>
      </Placemark>
      <Placemark>
        <name>令和8年6月4日(手代森18地割)</name>
        <description><![CDATA[出没区分: 01 目撃<br>名前: 令和8年6月4日<br>出没時間: 19:06<br>成獣/幼獣: 成獣<br>頭数: １頭<br>発生地域: 手代森18地割<br>緯度: 39.64721388<br>経度: 141.2146662<br>説明: 大沢水車付近で成獣１頭を目撃。北の山林に向かって移動していった。]]></description>
        <styleUrl>#icon-1759-FFEA00</styleUrl>
        <ExtendedData>
          <Data name="出没区分">
            <value>01 目撃</value>
          </Data>
          <Data name="名前">
            <value>令和8年6月4日</value>
          </Data>
          <Data name="出没時間">
            <value>19:06</value>
          </Data>
          <Data name="成獣/幼獣">
            <value>成獣</value>
          </Data>
          <Data name="頭数">
            <value>１頭</value>
          </Data>
          <Data name="発生地域">
            <value>手代森18地割</value>
          </Data>
          <Data name="緯度">
            <value>39.64721388</value>
          </Data>
          <Data name="経度">
            <value>141.2146662</value>
          </Data>
          <Data name="説明">
            <value>大沢水車付近で成獣１頭を目撃。北の山林に向かって移動していった。</value>
          </Data>
        </ExtendedData>
        <Point>
          <coordinates>
            141.2146662,39.64721388,0
          </coordinates>
        </Point>
      </Placemark>
      <Placemark>
        <name>令和8年6月5日(黒川13地割)</name>
        <description><![CDATA[出没区分: 02 痕跡<br>名前: 令和8年6月5日<br>出没時間: 7:00<br>成獣/幼獣: 不明<br>頭数: 不明<br>発生地域: 黒川13地割<br>緯度: 39.62975507<br>経度: 141.1987316<br>説明: 住宅敷地内の小屋でクマの痕跡を確認。]]></description>
        <styleUrl>#icon-1759-FFEA00</styleUrl>
        <ExtendedData>
          <Data name="出没区分">
            <value>02 痕跡</value>
          </Data>
          <Data name="名前">
            <value>令和8年6月5日</value>
          </Data>
          <Data name="出没時間">
            <value>7:00</value>
          </Data>
          <Data name="成獣/幼獣">
            <value>不明</value>
          </Data>
          <Data name="頭数">
            <value>不明</value>
          </Data>
          <Data name="発生地域">
            <value>黒川13地割</value>
          </Data>
          <Data name="緯度">
            <value>39.62975507</value>
          </Data>
          <Data name="経度">
            <value>141.1987316</value>
          </Data>
          <Data name="説明">
            <value>住宅敷地内の小屋でクマの痕跡を確認。</value>
          </Data>
        </ExtendedData>
        <Point>
          <coordinates>
            141.1987316,39.62975507,0
          </coordinates>
        </Point>
      </Placemark>
      <Placemark>
        <name>令和8年6月5日(三本柳４地割)</name>
        <description><![CDATA[出没区分: 01 目撃<br>名前: 令和8年6月5日<br>出没時間: 16:00<br>成獣/幼獣: 幼獣<br>頭数: １頭<br>発生地域: 三本柳４地割<br>緯度: 39.66152134<br>経度: 141.1614118<br>説明: 津志田こども園付近で道路を横断する幼獣１頭を目撃。（移動方向不明）]]></description>
        <styleUrl>#icon-1759-FFEA00</styleUrl>
        <ExtendedData>
          <Data name="出没区分">
            <value>01 目撃</value>
          </Data>
          <Data name="名前">
            <value>令和8年6月5日</value>
          </Data>
          <Data name="出没時間">
            <value>16:00</value>
          </Data>
          <Data name="成獣/幼獣">
            <value>幼獣</value>
          </Data>
          <Data name="頭数">
            <value>１頭</value>
          </Data>
          <Data name="発生地域">
            <value>三本柳４地割</value>
          </Data>
          <Data name="緯度">
            <value>39.66152134</value>
          </Data>
          <Data name="経度">
            <value>141.1614118</value>
          </Data>
          <Data name="説明">
            <value>津志田こども園付近で道路を横断する幼獣１頭を目撃。（移動方向不明）</value>
          </Data>
        </ExtendedData>
        <Point>
          <coordinates>
            141.1614118,39.66152134,0
          </coordinates>
        </Point>
      </Placemark>
      <Placemark>
        <name>令和8年6月5日(玉山字才の沢)</name>
        <description><![CDATA[出没区分: 01 目撃<br>名前: 令和8年6月5日<br>出没時間: 18:00<br>成獣/幼獣: 成獣<br>頭数: 1頭<br>発生地域: 玉山字才の沢<br>緯度: 39.809369<br>経度: 141.19538<br>説明: 地点付近の田んぼから法面を登り、市道を横切って山中へ移動する成獣１頭を目撃。]]></description>
        <styleUrl>#icon-1759-FFEA00</styleUrl>
        <ExtendedData>
          <Data name="出没区分">
            <value>01 目撃</value>
          </Data>
          <Data name="名前">
            <value>令和8年6月5日</value>
          </Data>
          <Data name="出没時間">
            <value>18:00</value>
          </Data>
          <Data name="成獣/幼獣">
            <value>成獣</value>
          </Data>
          <Data name="頭数">
            <value>1頭</value>
          </Data>
          <Data name="発生地域">
            <value>玉山字才の沢</value>
          </Data>
          <Data name="緯度">
            <value>39.809369</value>
          </Data>
          <Data name="経度">
            <value>141.19538</value>
          </Data>
          <Data name="説明">
            <value>地点付近の田んぼから法面を登り、市道を横切って山中へ移動する成獣１頭を目撃。</value>
          </Data>
        </ExtendedData>
        <Point>
          <coordinates>
            141.19538,39.809369,0
          </coordinates>
        </Point>
      </Placemark>
      <Placemark>
        <name>令和8年6月6日(黒川16地割)</name>
        <description><![CDATA[出没区分: 01 目撃<br>名前: 令和8年6月6日<br>出没時間: 4:00<br>成獣/幼獣: 不明<br>頭数: １頭<br>発生地域: 黒川16地割<br>緯度: 39.62558234<br>経度: 141.1901096<br>説明: 黒川16地割地内でクマ１頭を目撃。（詳細不明）]]></description>
        <styleUrl>#icon-1759-FFEA00</styleUrl>
        <ExtendedData>
          <Data name="出没区分">
            <value>01 目撃</value>
          </Data>
          <Data name="名前">
            <value>令和8年6月6日</value>
          </Data>
          <Data name="出没時間">
            <value>4:00</value>
          </Data>
          <Data name="成獣/幼獣">
            <value>不明</value>
          </Data>
          <Data name="頭数">
            <value>１頭</value>
          </Data>
          <Data name="発生地域">
            <value>黒川16地割</value>
          </Data>
          <Data name="緯度">
            <value>39.62558234</value>
          </Data>
          <Data name="経度">
            <value>141.1901096</value>
          </Data>
          <Data name="説明">
            <value>黒川16地割地内でクマ１頭を目撃。（詳細不明）</value>
          </Data>
        </ExtendedData>
        <Point>
          <coordinates>
            141.1901096,39.62558234,0
          </coordinates>
        </Point>
      </Placemark>
      <Placemark>
        <name>令和8年6月6日(川目第１地割)</name>
        <description><![CDATA[出没区分: 01 目撃<br>名前: 令和8年6月6日<br>出没時間: 4:15<br>成獣/幼獣: 成獣<br>頭数: １頭<br>発生地域: 川目第１地割<br>緯度: 39.66860217<br>経度: 141.2438867<br>説明: 簗川沿いで成獣１頭を目撃。（移動方向不明）]]></description>
        <styleUrl>#icon-1759-FFEA00</styleUrl>
        <ExtendedData>
          <Data name="出没区分">
            <value>01 目撃</value>
          </Data>
          <Data name="名前">
            <value>令和8年6月6日</value>
          </Data>
          <Data name="出没時間">
            <value>4:15</value>
          </Data>
          <Data name="成獣/幼獣">
            <value>成獣</value>
          </Data>
          <Data name="頭数">
            <value>１頭</value>
          </Data>
          <Data name="発生地域">
            <value>川目第１地割</value>
          </Data>
          <Data name="緯度">
            <value>39.66860217</value>
          </Data>
          <Data name="経度">
            <value>141.2438867</value>
          </Data>
          <Data name="説明">
            <value>簗川沿いで成獣１頭を目撃。（移動方向不明）</value>
          </Data>
        </ExtendedData>
        <Point>
          <coordinates>
            141.2438867,39.66860217,0
          </coordinates>
        </Point>
      </Placemark>
      <Placemark>
        <name>令和8年6月6日(繋字除キ)</name>
        <description><![CDATA[出没区分: 01 目撃<br>名前: 令和8年6月6日<br>出没時間: 10:50<br>成獣/幼獣: 幼獣<br>頭数: １頭<br>発生地域: 繋字除キ<br>緯度: 39.66739151<br>経度: 141.0013037<br>説明: つなぎ多目的運動場付近で幼獣１頭を目撃。北（御所湖方向）に向かって移動していった。]]></description>
        <styleUrl>#icon-1759-FFEA00</styleUrl>
        <ExtendedData>
          <Data name="出没区分">
            <value>01 目撃</value>
          </Data>
          <Data name="名前">
            <value>令和8年6月6日</value>
          </Data>
          <Data name="出没時間">
            <value>10:50</value>
          </Data>
          <Data name="成獣/幼獣">
            <value>幼獣</value>
          </Data>
          <Data name="頭数">
            <value>１頭</value>
          </Data>
          <Data name="発生地域">
            <value>繋字除キ</value>
          </Data>
          <Data name="緯度">
            <value>39.66739151</value>
          </Data>
          <Data name="経度">
            <value>141.0013037</value>
          </Data>
          <Data name="説明">
            <value>つなぎ多目的運動場付近で幼獣１頭を目撃。北（御所湖方向）に向かって移動していった。</value>
          </Data>
        </ExtendedData>
        <Point>
          <coordinates>
            141.0013037,39.66739151,0
          </coordinates>
        </Point>
      </Placemark>
      <Placemark>
        <name>令和8年6月7日(大ケ生18地割)</name>
        <description><![CDATA[出没区分: 02 痕跡<br>名前: 令和8年6月7日<br>出没時間: 不明<br>成獣/幼獣: 不明<br>頭数: 不明<br>発生地域: 大ケ生18地割<br>緯度: 39.60863548<br>経度: 141.2380613<br>説明: 畑でクマの痕跡を確認。]]></description>
        <styleUrl>#icon-1759-FFEA00</styleUrl>
        <ExtendedData>
          <Data name="出没区分">
            <value>02 痕跡</value>
          </Data>
          <Data name="名前">
            <value>令和8年6月7日</value>
          </Data>
          <Data name="出没時間">
            <value>不明</value>
          </Data>
          <Data name="成獣/幼獣">
            <value>不明</value>
          </Data>
          <Data name="頭数">
            <value>不明</value>
          </Data>
          <Data name="発生地域">
            <value>大ケ生18地割</value>
          </Data>
          <Data name="緯度">
            <value>39.60863548</value>
          </Data>
          <Data name="経度">
            <value>141.2380613</value>
          </Data>
          <Data name="説明">
            <value>畑でクマの痕跡を確認。</value>
          </Data>
        </ExtendedData>
        <Point>
          <coordinates>
            141.2380613,39.60863548,0
          </coordinates>
        </Point>
      </Placemark>
      <Placemark>
        <name>令和8年6月8日(湯沢東三丁目)</name>
        <description><![CDATA[出没区分: 02 痕跡<br>名前: 令和8年6月8日<br>出没時間: 不明<br>成獣/幼獣: 不明<br>頭数: 不明<br>発生地域: 湯沢東三丁目<br>緯度: 39.64227854<br>経度: 141.1002191<br>説明: 敷地内に置いていた園芸用の土袋がクマに食い荒らされている痕跡を確認。]]></description>
        <styleUrl>#icon-1759-FFEA00</styleUrl>
        <ExtendedData>
          <Data name="出没区分">
            <value>02 痕跡</value>
          </Data>
          <Data name="名前">
            <value>令和8年6月8日</value>
          </Data>
          <Data name="出没時間">
            <value>不明</value>
          </Data>
          <Data name="成獣/幼獣">
            <value>不明</value>
          </Data>
          <Data name="頭数">
            <value>不明</value>
          </Data>
          <Data name="発生地域">
            <value>湯沢東三丁目</value>
          </Data>
          <Data name="緯度">
            <value>39.64227854</value>
          </Data>
          <Data name="経度">
            <value>141.1002191</value>
          </Data>
          <Data name="説明">
            <value>敷地内に置いていた園芸用の土袋がクマに食い荒らされている痕跡を確認。</value>
          </Data>
        </ExtendedData>
        <Point>
          <coordinates>
            141.1002191,39.64227854,0
          </coordinates>
        </Point>
      </Placemark>
      <Placemark>
        <name>令和8年6月8日(大ケ生11地割)</name>
        <description><![CDATA[出没区分: 01 目撃<br>名前: 令和8年6月8日<br>出没時間: 15:40<br>成獣/幼獣: 幼獣<br>頭数: １頭<br>発生地域: 大ケ生11地割<br>緯度: 39.62172984<br>経度: 141.2572052<br>説明: 宅地内で幼獣１頭を目撃。北の藪に向かって移動していった。]]></description>
        <styleUrl>#icon-1759-FFEA00</styleUrl>
        <ExtendedData>
          <Data name="出没区分">
            <value>01 目撃</value>
          </Data>
          <Data name="名前">
            <value>令和8年6月8日</value>
          </Data>
          <Data name="出没時間">
            <value>15:40</value>
          </Data>
          <Data name="成獣/幼獣">
            <value>幼獣</value>
          </Data>
          <Data name="頭数">
            <value>１頭</value>
          </Data>
          <Data name="発生地域">
            <value>大ケ生11地割</value>
          </Data>
          <Data name="緯度">
            <value>39.62172984</value>
          </Data>
          <Data name="経度">
            <value>141.2572052</value>
          </Data>
          <Data name="説明">
            <value>宅地内で幼獣１頭を目撃。北の藪に向かって移動していった。</value>
          </Data>
        </ExtendedData>
        <Point>
          <coordinates>
            141.2572052,39.62172984,0
          </coordinates>
        </Point>
      </Placemark>
      <Placemark>
        <name>令和8年6月9日(新庄字岩山)</name>
        <description><![CDATA[出没区分: 01 目撃<br>名前: 令和8年6月9日<br>出没時間: 6:05<br>成獣/幼獣: 幼獣<br>頭数: １頭<br>発生地域: 新庄字岩山<br>緯度: 39.70104626<br>経度: 141.1834677<br>説明: 岩山展望台駐車場付近で幼獣１頭を目撃。北に向かって移動していった。]]></description>
        <styleUrl>#icon-1759-FFEA00</styleUrl>
        <ExtendedData>
          <Data name="出没区分">
            <value>01 目撃</value>
          </Data>
          <Data name="名前">
            <value>令和8年6月9日</value>
          </Data>
          <Data name="出没時間">
            <value>6:05</value>
          </Data>
          <Data name="成獣/幼獣">
            <value>幼獣</value>
          </Data>
          <Data name="頭数">
            <value>１頭</value>
          </Data>
          <Data name="発生地域">
            <value>新庄字岩山</value>
          </Data>
          <Data name="緯度">
            <value>39.70104626</value>
          </Data>
          <Data name="経度">
            <value>141.1834677</value>
          </Data>
          <Data name="説明">
            <value>岩山展望台駐車場付近で幼獣１頭を目撃。北に向かって移動していった。</value>
          </Data>
        </ExtendedData>
        <Point>
          <coordinates>
            141.1834677,39.70104626,0
          </coordinates>
        </Point>
      </Placemark>
      <Placemark>
        <name>令和8年6月9日(下田字石羽根)</name>
        <description><![CDATA[出没区分: 01 目撃<br>名前: 令和8年6月9日<br>出没時間: 7:30<br>成獣/幼獣: 成獣<br>頭数: 1頭<br>発生地域: 下田字石羽根<br>緯度: 39.847373<br>経度: 141.113177<br>説明: 地点付近で成獣１頭を目撃。西側に移動していった。]]></description>
        <styleUrl>#icon-1759-FFEA00</styleUrl>
        <ExtendedData>
          <Data name="出没区分">
            <value>01 目撃</value>
          </Data>
          <Data name="名前">
            <value>令和8年6月9日</value>
          </Data>
          <Data name="出没時間">
            <value>7:30</value>
          </Data>
          <Data name="成獣/幼獣">
            <value>成獣</value>
          </Data>
          <Data name="頭数">
            <value>1頭</value>
          </Data>
          <Data name="発生地域">
            <value>下田字石羽根</value>
          </Data>
          <Data name="緯度">
            <value>39.847373</value>
          </Data>
          <Data name="経度">
            <value>141.113177</value>
          </Data>
          <Data name="説明">
            <value>地点付近で成獣１頭を目撃。西側に移動していった。</value>
          </Data>
        </ExtendedData>
        <Point>
          <coordinates>
            141.113177,39.847373,0
          </coordinates>
        </Point>
      </Placemark>
      <Placemark>
        <name>令和8年6月9日(好摩字野中)</name>
        <description><![CDATA[出没区分: 01 目撃<br>名前: 令和8年6月9日<br>出没時間: 16:40<br>成獣/幼獣: 成獣<br>頭数: 1頭<br>発生地域: 好摩字野中<br>緯度: 39.877757<br>経度: 141.165926<br>説明: 好摩児童館付近で成獣１頭を目撃。西側に移動していった。]]></description>
        <styleUrl>#icon-1759-FFEA00</styleUrl>
        <ExtendedData>
          <Data name="出没区分">
            <value>01 目撃</value>
          </Data>
          <Data name="名前">
            <value>令和8年6月9日</value>
          </Data>
          <Data name="出没時間">
            <value>16:40</value>
          </Data>
          <Data name="成獣/幼獣">
            <value>成獣</value>
          </Data>
          <Data name="頭数">
            <value>1頭</value>
          </Data>
          <Data name="発生地域">
            <value>好摩字野中</value>
          </Data>
          <Data name="緯度">
            <value>39.877757</value>
          </Data>
          <Data name="経度">
            <value>141.165926</value>
          </Data>
          <Data name="説明">
            <value>好摩児童館付近で成獣１頭を目撃。西側に移動していった。</value>
          </Data>
        </ExtendedData>
        <Point>
          <coordinates>
            141.165926,39.877757,0
          </coordinates>
        </Point>
      </Placemark>
      <Placemark>
        <name>令和8年6月9日(好摩字好摩沢)</name>
        <description><![CDATA[出没区分: 02 痕跡<br>名前: 令和8年6月9日<br>出没時間: 不明<br>成獣/幼獣: 成獣<br>頭数: 1頭<br>発生地域: 好摩字好摩沢<br>緯度: 39.900618<br>経度: 141.169716<br>説明: 畑地にクマの痕跡を確認。]]></description>
        <styleUrl>#icon-1759-FFEA00</styleUrl>
        <ExtendedData>
          <Data name="出没区分">
            <value>02 痕跡</value>
          </Data>
          <Data name="名前">
            <value>令和8年6月9日</value>
          </Data>
          <Data name="出没時間">
            <value>不明</value>
          </Data>
          <Data name="成獣/幼獣">
            <value>成獣</value>
          </Data>
          <Data name="頭数">
            <value>1頭</value>
          </Data>
          <Data name="発生地域">
            <value>好摩字好摩沢</value>
          </Data>
          <Data name="緯度">
            <value>39.900618</value>
          </Data>
          <Data name="経度">
            <value>141.169716</value>
          </Data>
          <Data name="説明">
            <value>畑地にクマの痕跡を確認。</value>
          </Data>
        </ExtendedData>
        <Point>
          <coordinates>
            141.169716,39.900618,0
          </coordinates>
        </Point>
      </Placemark>
      <Placemark>
        <name>令和8年6月10日(川又字宮田)</name>
        <description><![CDATA[出没区分: 01 目撃<br>名前: 令和8年6月10日<br>出没時間: 6:30<br>成獣/幼獣: 成獣<br>頭数: 1頭<br>発生地域: 川又字宮田<br>緯度: 39.787252<br>経度: 141.213069<br>説明: 地点付近で成獣１頭を目撃。西側に移動していった。]]></description>
        <styleUrl>#icon-1759-FFEA00</styleUrl>
        <ExtendedData>
          <Data name="出没区分">
            <value>01 目撃</value>
          </Data>
          <Data name="名前">
            <value>令和8年6月10日</value>
          </Data>
          <Data name="出没時間">
            <value>6:30</value>
          </Data>
          <Data name="成獣/幼獣">
            <value>成獣</value>
          </Data>
          <Data name="頭数">
            <value>1頭</value>
          </Data>
          <Data name="発生地域">
            <value>川又字宮田</value>
          </Data>
          <Data name="緯度">
            <value>39.787252</value>
          </Data>
          <Data name="経度">
            <value>141.213069</value>
          </Data>
          <Data name="説明">
            <value>地点付近で成獣１頭を目撃。西側に移動していった。</value>
          </Data>
        </ExtendedData>
        <Point>
          <coordinates>
            141.213069,39.787252,0
          </coordinates>
        </Point>
      </Placemark>
      <Placemark>
        <name>令和8年6月10日(上米内字松木平)</name>
        <description><![CDATA[出没区分: 01 目撃<br>名前: 令和8年6月10日<br>出没時間: 9:00<br>成獣/幼獣: 幼獣<br>頭数: １頭<br>発生地域: 上米内字松木平<br>緯度: 39.74282765<br>経度: 141.1909475<br>説明: 松木平橋付近で幼獣１頭を目撃。東に向かって移動していった。]]></description>
        <styleUrl>#icon-1759-FFEA00</styleUrl>
        <ExtendedData>
          <Data name="出没区分">
            <value>01 目撃</value>
          </Data>
          <Data name="名前">
            <value>令和8年6月10日</value>
          </Data>
          <Data name="出没時間">
            <value>9:00</value>
          </Data>
          <Data name="成獣/幼獣">
            <value>幼獣</value>
          </Data>
          <Data name="頭数">
            <value>１頭</value>
          </Data>
          <Data name="発生地域">
            <value>上米内字松木平</value>
          </Data>
          <Data name="緯度">
            <value>39.74282765</value>
          </Data>
          <Data name="経度">
            <value>141.1909475</value>
          </Data>
          <Data name="説明">
            <value>松木平橋付近で幼獣１頭を目撃。東に向かって移動していった。</value>
          </Data>
        </ExtendedData>
        <Point>
          <coordinates>
            141.1909475,39.74282765,0
          </coordinates>
        </Point>
      </Placemark>
      <Placemark>
        <name>令和8年6月10日(薮川字外山)</name>
        <description><![CDATA[出没区分: 01 目撃<br>名前: 令和8年6月10日<br>出没時間: 10:45<br>成獣/幼獣: 成獣<br>頭数: 1頭<br>発生地域: 薮川字外山<br>緯度: 39.821737<br>経度: 141.359459<br>説明: 岩洞湖付近の国道455号沿いで成獣１頭を目撃。]]></description>
        <styleUrl>#icon-1759-FFEA00</styleUrl>
        <ExtendedData>
          <Data name="出没区分">
            <value>01 目撃</value>
          </Data>
          <Data name="名前">
            <value>令和8年6月10日</value>
          </Data>
          <Data name="出没時間">
            <value>10:45</value>
          </Data>
          <Data name="成獣/幼獣">
            <value>成獣</value>
          </Data>
          <Data name="頭数">
            <value>1頭</value>
          </Data>
          <Data name="発生地域">
            <value>薮川字外山</value>
          </Data>
          <Data name="緯度">
            <value>39.821737</value>
          </Data>
          <Data name="経度">
            <value>141.359459</value>
          </Data>
          <Data name="説明">
            <value>岩洞湖付近の国道455号沿いで成獣１頭を目撃。</value>
          </Data>
        </ExtendedData>
        <Point>
          <coordinates>
            141.359459,39.821737,0
          </coordinates>
        </Point>
      </Placemark>
      <Placemark>
        <name>令和8年6月11日(永井17地割)</name>
        <description><![CDATA[出没区分: 01 目撃<br>名前: 令和8年6月11日<br>出没時間: 18:20<br>成獣/幼獣: 幼獣<br>頭数: １頭<br>発生地域: 永井17地割<br>緯度: 39.65157282<br>経度: 141.1463735<br>説明: 線路付近で幼獣１頭を目撃。西に向かって移動していった。]]></description>
        <styleUrl>#icon-1759-FFEA00</styleUrl>
        <ExtendedData>
          <Data name="出没区分">
            <value>01 目撃</value>
          </Data>
          <Data name="名前">
            <value>令和8年6月11日</value>
          </Data>
          <Data name="出没時間">
            <value>18:20</value>
          </Data>
          <Data name="成獣/幼獣">
            <value>幼獣</value>
          </Data>
          <Data name="頭数">
            <value>１頭</value>
          </Data>
          <Data name="発生地域">
            <value>永井17地割</value>
          </Data>
          <Data name="緯度">
            <value>39.65157282</value>
          </Data>
          <Data name="経度">
            <value>141.1463735</value>
          </Data>
          <Data name="説明">
            <value>線路付近で幼獣１頭を目撃。西に向かって移動していった。</value>
          </Data>
        </ExtendedData>
        <Point>
          <coordinates>
            141.1463735,39.65157282,0
          </coordinates>
        </Point>
      </Placemark>
      <Placemark>
        <name>令和8年6月12日(上田字松屋敷)</name>
        <description><![CDATA[出没区分: 01 目撃<br>名前: 令和8年6月12日<br>出没時間: 5:30<br>成獣/幼獣: 成獣<br>頭数: １頭<br>発生地域: 上田字松屋敷<br>緯度: 39.75678217<br>経度: 141.1523207<br>説明: 盛岡少年刑務所から県立博物館に続く道路で成獣１頭を目撃。]]></description>
        <styleUrl>#icon-1759-FFEA00</styleUrl>
        <ExtendedData>
          <Data name="出没区分">
            <value>01 目撃</value>
          </Data>
          <Data name="名前">
            <value>令和8年6月12日</value>
          </Data>
          <Data name="出没時間">
            <value>5:30</value>
          </Data>
          <Data name="成獣/幼獣">
            <value>成獣</value>
          </Data>
          <Data name="頭数">
            <value>１頭</value>
          </Data>
          <Data name="発生地域">
            <value>上田字松屋敷</value>
          </Data>
          <Data name="緯度">
            <value>39.75678217</value>
          </Data>
          <Data name="経度">
            <value>141.1523207</value>
          </Data>
          <Data name="説明">
            <value>盛岡少年刑務所から県立博物館に続く道路で成獣１頭を目撃。</value>
          </Data>
        </ExtendedData>
        <Point>
          <coordinates>
            141.1523207,39.75678217,0
          </coordinates>
        </Point>
      </Placemark>
      <Placemark>
        <name>令和8年6月12日(新庄字下八木田)</name>
        <description><![CDATA[出没区分: 01 目撃<br>名前: 令和8年6月12日<br>出没時間: 6:10<br>成獣/幼獣: 幼獣<br>頭数: １頭<br>発生地域: 新庄字下八木田<br>緯度: 39.69652621<br>経度: 141.199809<br>説明: 道路で幼獣1頭を目撃。付近の藪に移動していった。]]></description>
        <styleUrl>#icon-1759-FFEA00</styleUrl>
        <ExtendedData>
          <Data name="出没区分">
            <value>01 目撃</value>
          </Data>
          <Data name="名前">
            <value>令和8年6月12日</value>
          </Data>
          <Data name="出没時間">
            <value>6:10</value>
          </Data>
          <Data name="成獣/幼獣">
            <value>幼獣</value>
          </Data>
          <Data name="頭数">
            <value>１頭</value>
          </Data>
          <Data name="発生地域">
            <value>新庄字下八木田</value>
          </Data>
          <Data name="緯度">
            <value>39.69652621</value>
          </Data>
          <Data name="経度">
            <value>141.199809</value>
          </Data>
          <Data name="説明">
            <value>道路で幼獣1頭を目撃。付近の藪に移動していった。</value>
          </Data>
        </ExtendedData>
        <Point>
          <coordinates>
            141.199809,39.69652621,0
          </coordinates>
        </Point>
      </Placemark>
      <Placemark>
        <name>令和8年6月12日(大ケ生22地割)</name>
        <description><![CDATA[出没区分: 01 目撃<br>名前: 令和8年6月12日<br>出没時間: 6:30<br>成獣/幼獣: 不明<br>頭数: １頭<br>発生地域: 大ケ生22地割<br>緯度: 39.61344085<br>経度: 141.2365195<br>説明: 瀧源寺付近でクマ1頭を目撃。（移動方向不明）]]></description>
        <styleUrl>#icon-1759-FFEA00</styleUrl>
        <ExtendedData>
          <Data name="出没区分">
            <value>01 目撃</value>
          </Data>
          <Data name="名前">
            <value>令和8年6月12日</value>
          </Data>
          <Data name="出没時間">
            <value>6:30</value>
          </Data>
          <Data name="成獣/幼獣">
            <value>不明</value>
          </Data>
          <Data name="頭数">
            <value>１頭</value>
          </Data>
          <Data name="発生地域">
            <value>大ケ生22地割</value>
          </Data>
          <Data name="緯度">
            <value>39.61344085</value>
          </Data>
          <Data name="経度">
            <value>141.2365195</value>
          </Data>
          <Data name="説明">
            <value>瀧源寺付近でクマ1頭を目撃。（移動方向不明）</value>
          </Data>
        </ExtendedData>
        <Point>
          <coordinates>
            141.2365195,39.61344085,0
          </coordinates>
        </Point>
      </Placemark>
      <Placemark>
        <name>令和8年6月12日(上米内字野頭)</name>
        <description><![CDATA[出没区分: 01 目撃<br>名前: 令和8年6月12日<br>出没時間: 16:20<br>成獣/幼獣: 成獣<br>頭数: １頭<br>発生地域: 上米内字野頭<br>緯度: 39.7409635<br>経度: 141.1939693<br>説明: 地点付近で成獣１頭を目撃。西に向かって移動していった。]]></description>
        <styleUrl>#icon-1759-FFEA00</styleUrl>
        <ExtendedData>
          <Data name="出没区分">
            <value>01 目撃</value>
          </Data>
          <Data name="名前">
            <value>令和8年6月12日</value>
          </Data>
          <Data name="出没時間">
            <value>16:20</value>
          </Data>
          <Data name="成獣/幼獣">
            <value>成獣</value>
          </Data>
          <Data name="頭数">
            <value>１頭</value>
          </Data>
          <Data name="発生地域">
            <value>上米内字野頭</value>
          </Data>
          <Data name="緯度">
            <value>39.7409635</value>
          </Data>
          <Data name="経度">
            <value>141.1939693</value>
          </Data>
          <Data name="説明">
            <value>地点付近で成獣１頭を目撃。西に向かって移動していった。</value>
          </Data>
        </ExtendedData>
        <Point>
          <coordinates>
            141.1939693,39.7409635,0
          </coordinates>
        </Point>
      </Placemark>
      <Placemark>
        <name>令和8年6月12日(上田字松屋敷)</name>
        <description><![CDATA[出没区分: 01 目撃<br>名前: 令和8年6月12日<br>出没時間: 18:30<br>成獣/幼獣: 不明<br>頭数: １頭<br>発生地域: 上田字松屋敷<br>緯度: 39.75657907<br>経度: 141.152761<br>説明: 盛岡少年刑務所付近でクマ１頭を目撃。北に向かって移動していった。]]></description>
        <styleUrl>#icon-1759-FFEA00</styleUrl>
        <ExtendedData>
          <Data name="出没区分">
            <value>01 目撃</value>
          </Data>
          <Data name="名前">
            <value>令和8年6月12日</value>
          </Data>
          <Data name="出没時間">
            <value>18:30</value>
          </Data>
          <Data name="成獣/幼獣">
            <value>不明</value>
          </Data>
          <Data name="頭数">
            <value>１頭</value>
          </Data>
          <Data name="発生地域">
            <value>上田字松屋敷</value>
          </Data>
          <Data name="緯度">
            <value>39.75657907</value>
          </Data>
          <Data name="経度">
            <value>141.152761</value>
          </Data>
          <Data name="説明">
            <value>盛岡少年刑務所付近でクマ１頭を目撃。北に向かって移動していった。</value>
          </Data>
        </ExtendedData>
        <Point>
          <coordinates>
            141.152761,39.75657907,0
          </coordinates>
        </Point>
      </Placemark>
      <Placemark>
        <name>令和8年6月12日(下田字生出（刈屋）)</name>
        <description><![CDATA[出没区分: 02 痕跡<br>名前: 令和8年6月12日<br>出没時間: 夜間<br>成獣/幼獣: 成獣<br>頭数: 1頭<br>発生地域: 下田字生出（刈屋）<br>緯度: 39.871296<br>経度: 141.113213<br>説明: ほ場でクマの痕跡を確認。]]></description>
        <styleUrl>#icon-1759-FFEA00</styleUrl>
        <ExtendedData>
          <Data name="出没区分">
            <value>02 痕跡</value>
          </Data>
          <Data name="名前">
            <value>令和8年6月12日</value>
          </Data>
          <Data name="出没時間">
            <value>夜間</value>
          </Data>
          <Data name="成獣/幼獣">
            <value>成獣</value>
          </Data>
          <Data name="頭数">
            <value>1頭</value>
          </Data>
          <Data name="発生地域">
            <value>下田字生出（刈屋）</value>
          </Data>
          <Data name="緯度">
            <value>39.871296</value>
          </Data>
          <Data name="経度">
            <value>141.113213</value>
          </Data>
          <Data name="説明">
            <value>ほ場でクマの痕跡を確認。</value>
          </Data>
        </ExtendedData>
        <Point>
          <coordinates>
            141.113213,39.871296,0
          </coordinates>
        </Point>
      </Placemark>
      <Placemark>
        <name>令和8年6月13日(乙部15地割)</name>
        <description><![CDATA[出没区分: 01 目撃<br>名前: 令和8年6月13日<br>出没時間: 11:30<br>成獣/幼獣: 幼獣<br>頭数: １頭<br>発生地域: 乙部15地割<br>緯度: 39.60854151<br>経度: 141.2083<br>説明: 水田で幼獣１頭を目撃。北東に向かって移動していった。]]></description>
        <styleUrl>#icon-1759-FFEA00</styleUrl>
        <ExtendedData>
          <Data name="出没区分">
            <value>01 目撃</value>
          </Data>
          <Data name="名前">
            <value>令和8年6月13日</value>
          </Data>
          <Data name="出没時間">
            <value>11:30</value>
          </Data>
          <Data name="成獣/幼獣">
            <value>幼獣</value>
          </Data>
          <Data name="頭数">
            <value>１頭</value>
          </Data>
          <Data name="発生地域">
            <value>乙部15地割</value>
          </Data>
          <Data name="緯度">
            <value>39.60854151</value>
          </Data>
          <Data name="経度">
            <value>141.2083</value>
          </Data>
          <Data name="説明">
            <value>水田で幼獣１頭を目撃。北東に向かって移動していった。</value>
          </Data>
        </ExtendedData>
        <Point>
          <coordinates>
            141.2083,39.60854151,0
          </coordinates>
        </Point>
      </Placemark>
      <Placemark>
        <name>令和8年6月13日(繋字除キ)</name>
        <description><![CDATA[出没区分: 01 目撃<br>名前: 令和8年6月13日<br>出没時間: 17:15<br>成獣/幼獣: 幼獣<br>頭数: １頭<br>発生地域: 繋字除キ<br>緯度: 39.67420189<br>経度: 141.0162201<br>説明: 多目的運動場付近で幼獣１頭を目撃。近くの山林に移動していった。]]></description>
        <styleUrl>#icon-1759-FFEA00</styleUrl>
        <ExtendedData>
          <Data name="出没区分">
            <value>01 目撃</value>
          </Data>
          <Data name="名前">
            <value>令和8年6月13日</value>
          </Data>
          <Data name="出没時間">
            <value>17:15</value>
          </Data>
          <Data name="成獣/幼獣">
            <value>幼獣</value>
          </Data>
          <Data name="頭数">
            <value>１頭</value>
          </Data>
          <Data name="発生地域">
            <value>繋字除キ</value>
          </Data>
          <Data name="緯度">
            <value>39.67420189</value>
          </Data>
          <Data name="経度">
            <value>141.0162201</value>
          </Data>
          <Data name="説明">
            <value>多目的運動場付近で幼獣１頭を目撃。近くの山林に移動していった。</value>
          </Data>
        </ExtendedData>
        <Point>
          <coordinates>
            141.0162201,39.67420189,0
          </coordinates>
        </Point>
      </Placemark>
      <Placemark>
        <name>令和8年6月14日(川又字赤坂)</name>
        <description><![CDATA[出没区分: 01 目撃<br>名前: 令和8年6月14日<br>出没時間: 12:00<br>成獣/幼獣: 成獣<br>頭数: 1頭<br>発生地域: 川又字赤坂<br>緯度: 39.788595<br>経度: 141.192925<br>説明: 市道を横断する成獣１頭を目撃。近くの山林に移動していった。]]></description>
        <styleUrl>#icon-1759-FFEA00</styleUrl>
        <ExtendedData>
          <Data name="出没区分">
            <value>01 目撃</value>
          </Data>
          <Data name="名前">
            <value>令和8年6月14日</value>
          </Data>
          <Data name="出没時間">
            <value>12:00</value>
          </Data>
          <Data name="成獣/幼獣">
            <value>成獣</value>
          </Data>
          <Data name="頭数">
            <value>1頭</value>
          </Data>
          <Data name="発生地域">
            <value>川又字赤坂</value>
          </Data>
          <Data name="緯度">
            <value>39.788595</value>
          </Data>
          <Data name="経度">
            <value>141.192925</value>
          </Data>
          <Data name="説明">
            <value>市道を横断する成獣１頭を目撃。近くの山林に移動していった。</value>
          </Data>
        </ExtendedData>
        <Point>
          <coordinates>
            141.192925,39.788595,0
          </coordinates>
        </Point>
      </Placemark>
      <Placemark>
        <name>令和8年6月14日(繋字除キ)</name>
        <description><![CDATA[出没区分: 01 目撃<br>名前: 令和8年6月14日<br>出没時間: 14:45<br>成獣/幼獣: 幼獣<br>頭数: １頭<br>発生地域: 繋字除キ<br>緯度: 39.6739726<br>経度: 141.0154108<br>説明: 多目的運動場付近の街路樹に登っている幼獣１頭を目撃。近くの山林に移動していった。]]></description>
        <styleUrl>#icon-1759-FFEA00</styleUrl>
        <ExtendedData>
          <Data name="出没区分">
            <value>01 目撃</value>
          </Data>
          <Data name="名前">
            <value>令和8年6月14日</value>
          </Data>
          <Data name="出没時間">
            <value>14:45</value>
          </Data>
          <Data name="成獣/幼獣">
            <value>幼獣</value>
          </Data>
          <Data name="頭数">
            <value>１頭</value>
          </Data>
          <Data name="発生地域">
            <value>繋字除キ</value>
          </Data>
          <Data name="緯度">
            <value>39.6739726</value>
          </Data>
          <Data name="経度">
            <value>141.0154108</value>
          </Data>
          <Data name="説明">
            <value>多目的運動場付近の街路樹に登っている幼獣１頭を目撃。近くの山林に移動していった。</value>
          </Data>
        </ExtendedData>
        <Point>
          <coordinates>
            141.0154108,39.6739726,0
          </coordinates>
        </Point>
      </Placemark>
      <Placemark>
        <name>令和8年6月14日(湯沢17地割)</name>
        <description><![CDATA[出没区分: 01 目撃<br>名前: 令和8年6月14日<br>出没時間: 不明<br>成獣/幼獣: 不明<br>頭数: 不明<br>発生地域: 湯沢17地割<br>緯度: 39.64920545<br>経度: 141.1154836<br>説明: 住宅周辺でクマらしきもの１頭を目撃。]]></description>
        <styleUrl>#icon-1759-FFEA00</styleUrl>
        <ExtendedData>
          <Data name="出没区分">
            <value>01 目撃</value>
          </Data>
          <Data name="名前">
            <value>令和8年6月14日</value>
          </Data>
          <Data name="出没時間">
            <value>不明</value>
          </Data>
          <Data name="成獣/幼獣">
            <value>不明</value>
          </Data>
          <Data name="頭数">
            <value>不明</value>
          </Data>
          <Data name="発生地域">
            <value>湯沢17地割</value>
          </Data>
          <Data name="緯度">
            <value>39.64920545</value>
          </Data>
          <Data name="経度">
            <value>141.1154836</value>
          </Data>
          <Data name="説明">
            <value>住宅周辺でクマらしきもの１頭を目撃。</value>
          </Data>
        </ExtendedData>
        <Point>
          <coordinates>
            141.1154836,39.64920545,0
          </coordinates>
        </Point>
      </Placemark>
      <Placemark>
        <name>令和8年6月14日(浅岸字上大葛)</name>
        <description><![CDATA[出没区分: 02 痕跡<br>名前: 令和8年6月14日<br>出没時間: 不明<br>成獣/幼獣: 不明<br>頭数: 不明<br>発生地域: 浅岸字上大葛<br>緯度: 39.71182987<br>経度: 141.2361349<br>説明: 住宅裏の草地でクマの痕跡を確認。]]></description>
        <styleUrl>#icon-1759-FFEA00</styleUrl>
        <ExtendedData>
          <Data name="出没区分">
            <value>02 痕跡</value>
          </Data>
          <Data name="名前">
            <value>令和8年6月14日</value>
          </Data>
          <Data name="出没時間">
            <value>不明</value>
          </Data>
          <Data name="成獣/幼獣">
            <value>不明</value>
          </Data>
          <Data name="頭数">
            <value>不明</value>
          </Data>
          <Data name="発生地域">
            <value>浅岸字上大葛</value>
          </Data>
          <Data name="緯度">
            <value>39.71182987</value>
          </Data>
          <Data name="経度">
            <value>141.2361349</value>
          </Data>
          <Data name="説明">
            <value>住宅裏の草地でクマの痕跡を確認。</value>
          </Data>
        </ExtendedData>
        <Point>
          <coordinates>
            141.2361349,39.71182987,0
          </coordinates>
        </Point>
      </Placemark>
      <Placemark>
        <name>令和8年6月16日(黒川４地割)</name>
        <description><![CDATA[出没区分: 01 目撃<br>名前: 令和8年6月16日<br>出没時間: 8:30<br>成獣/幼獣: 不明<br>頭数: １頭<br>発生地域: 黒川４地割<br>緯度: 39.63278004<br>経度: 141.1959151<br>説明: 道路を横断するクマ１頭を目撃。東の山林に向かって移動していった。]]></description>
        <styleUrl>#icon-1759-FFEA00</styleUrl>
        <ExtendedData>
          <Data name="出没区分">
            <value>01 目撃</value>
          </Data>
          <Data name="名前">
            <value>令和8年6月16日</value>
          </Data>
          <Data name="出没時間">
            <value>8:30</value>
          </Data>
          <Data name="成獣/幼獣">
            <value>不明</value>
          </Data>
          <Data name="頭数">
            <value>１頭</value>
          </Data>
          <Data name="発生地域">
            <value>黒川４地割</value>
          </Data>
          <Data name="緯度">
            <value>39.63278004</value>
          </Data>
          <Data name="経度">
            <value>141.1959151</value>
          </Data>
          <Data name="説明">
            <value>道路を横断するクマ１頭を目撃。東の山林に向かって移動していった。</value>
          </Data>
        </ExtendedData>
        <Point>
          <coordinates>
            141.1959151,39.63278004,0
          </coordinates>
        </Point>
      </Placemark>
      <Placemark>
        <name>令和8年6月17日(高松二丁目)</name>
        <description><![CDATA[出没区分: 01 目撃<br>名前: 令和8年6月17日<br>出没時間: 1:05<br>成獣/幼獣: 成獣<br>頭数: １頭<br>発生地域: 高松二丁目<br>緯度: 39.72486157<br>経度: 141.136088<br>説明: 医療機関周辺で成獣１頭を目撃（移動方向不明）]]></description>
        <styleUrl>#icon-1759-FFEA00</styleUrl>
        <ExtendedData>
          <Data name="出没区分">
            <value>01 目撃</value>
          </Data>
          <Data name="名前">
            <value>令和8年6月17日</value>
          </Data>
          <Data name="出没時間">
            <value>1:05</value>
          </Data>
          <Data name="成獣/幼獣">
            <value>成獣</value>
          </Data>
          <Data name="頭数">
            <value>１頭</value>
          </Data>
          <Data name="発生地域">
            <value>高松二丁目</value>
          </Data>
          <Data name="緯度">
            <value>39.72486157</value>
          </Data>
          <Data name="経度">
            <value>141.136088</value>
          </Data>
          <Data name="説明">
            <value>医療機関周辺で成獣１頭を目撃（移動方向不明）</value>
          </Data>
        </ExtendedData>
        <Point>
          <coordinates>
            141.136088,39.72486157,0
          </coordinates>
        </Point>
      </Placemark>
      <Placemark>
        <name>令和8年6月17日(浅岸字下大葛)</name>
        <description><![CDATA[出没区分: 01 目撃<br>名前: 令和8年6月17日<br>出没時間: 4:00<br>成獣/幼獣: 成獣<br>頭数: １頭<br>発生地域: 浅岸字下大葛<br>緯度: 39.71158497<br>経度: 141.227195<br>説明: 大葛川沿いを移動する成獣１頭を目撃。近くの山林に移動していった。]]></description>
        <styleUrl>#icon-1759-FFEA00</styleUrl>
        <ExtendedData>
          <Data name="出没区分">
            <value>01 目撃</value>
          </Data>
          <Data name="名前">
            <value>令和8年6月17日</value>
          </Data>
          <Data name="出没時間">
            <value>4:00</value>
          </Data>
          <Data name="成獣/幼獣">
            <value>成獣</value>
          </Data>
          <Data name="頭数">
            <value>１頭</value>
          </Data>
          <Data name="発生地域">
            <value>浅岸字下大葛</value>
          </Data>
          <Data name="緯度">
            <value>39.71158497</value>
          </Data>
          <Data name="経度">
            <value>141.227195</value>
          </Data>
          <Data name="説明">
            <value>大葛川沿いを移動する成獣１頭を目撃。近くの山林に移動していった。</value>
          </Data>
        </ExtendedData>
        <Point>
          <coordinates>
            141.227195,39.71158497,0
          </coordinates>
        </Point>
      </Placemark>
      <Placemark>
        <name>令和8年6月17日(乙部４地割)</name>
        <description><![CDATA[出没区分: 01 目撃<br>名前: 令和8年6月17日<br>出没時間: 8:00<br>成獣/幼獣: 幼獣<br>頭数: １頭<br>発生地域: 乙部４地割<br>緯度: 39.62307743<br>経度: 141.1925049<br>説明: 住宅裏の草地で幼獣１頭を目撃（移動方向不明）]]></description>
        <styleUrl>#icon-1759-FFEA00</styleUrl>
        <ExtendedData>
          <Data name="出没区分">
            <value>01 目撃</value>
          </Data>
          <Data name="名前">
            <value>令和8年6月17日</value>
          </Data>
          <Data name="出没時間">
            <value>8:00</value>
          </Data>
          <Data name="成獣/幼獣">
            <value>幼獣</value>
          </Data>
          <Data name="頭数">
            <value>１頭</value>
          </Data>
          <Data name="発生地域">
            <value>乙部４地割</value>
          </Data>
          <Data name="緯度">
            <value>39.62307743</value>
          </Data>
          <Data name="経度">
            <value>141.1925049</value>
          </Data>
          <Data name="説明">
            <value>住宅裏の草地で幼獣１頭を目撃（移動方向不明）</value>
          </Data>
        </ExtendedData>
        <Point>
          <coordinates>
            141.1925049,39.62307743,0
          </coordinates>
        </Point>
      </Placemark>
      <Placemark>
        <name>令和8年6月17日(乙部４地割)</name>
        <description><![CDATA[出没区分: 01 目撃<br>名前: 令和8年6月17日<br>出没時間: 12:30<br>成獣/幼獣: 幼獣<br>頭数: １頭<br>発生地域: 乙部４地割<br>緯度: 39.62307743<br>経度: 141.1925049<br>説明: 住宅裏の草地で幼獣１頭を目撃。周辺の草地を行き来している。]]></description>
        <styleUrl>#icon-1759-FFEA00</styleUrl>
        <ExtendedData>
          <Data name="出没区分">
            <value>01 目撃</value>
          </Data>
          <Data name="名前">
            <value>令和8年6月17日</value>
          </Data>
          <Data name="出没時間">
            <value>12:30</value>
          </Data>
          <Data name="成獣/幼獣">
            <value>幼獣</value>
          </Data>
          <Data name="頭数">
            <value>１頭</value>
          </Data>
          <Data name="発生地域">
            <value>乙部４地割</value>
          </Data>
          <Data name="緯度">
            <value>39.62307743</value>
          </Data>
          <Data name="経度">
            <value>141.1925049</value>
          </Data>
          <Data name="説明">
            <value>住宅裏の草地で幼獣１頭を目撃。周辺の草地を行き来している。</value>
          </Data>
        </ExtendedData>
        <Point>
          <coordinates>
            141.1925049,39.62307743,0
          </coordinates>
        </Point>
      </Placemark>
      <Placemark>
        <name>令和8年6月17日(乙部４地割)</name>
        <description><![CDATA[出没区分: 01 目撃<br>名前: 令和8年6月17日<br>出没時間: 17:18<br>成獣/幼獣: 幼獣<br>頭数: １頭<br>発生地域: 乙部４地割<br>緯度: 39.62220792<br>経度: 141.1918502<br>説明: 県立盛岡聴覚支援学校の北側で幼獣１頭を目撃。近くの藪の中に移動していった。]]></description>
        <styleUrl>#icon-1759-FFEA00</styleUrl>
        <ExtendedData>
          <Data name="出没区分">
            <value>01 目撃</value>
          </Data>
          <Data name="名前">
            <value>令和8年6月17日</value>
          </Data>
          <Data name="出没時間">
            <value>17:18</value>
          </Data>
          <Data name="成獣/幼獣">
            <value>幼獣</value>
          </Data>
          <Data name="頭数">
            <value>１頭</value>
          </Data>
          <Data name="発生地域">
            <value>乙部４地割</value>
          </Data>
          <Data name="緯度">
            <value>39.62220792</value>
          </Data>
          <Data name="経度">
            <value>141.1918502</value>
          </Data>
          <Data name="説明">
            <value>県立盛岡聴覚支援学校の北側で幼獣１頭を目撃。近くの藪の中に移動していった。</value>
          </Data>
        </ExtendedData>
        <Point>
          <coordinates>
            141.1918502,39.62220792,0
          </coordinates>
        </Point>
      </Placemark>
      <Placemark>
        <name>令和8年6月18日(黒川16地割)</name>
        <description><![CDATA[出没区分: 01 目撃<br>名前: 令和8年6月18日<br>出没時間: 16:30<br>成獣/幼獣: 成獣<br>頭数: １頭<br>発生地域: 黒川16地割<br>緯度: 39.6236835<br>経度: 141.1921123<br>説明: 住宅敷地付近の藪に成獣１頭がとどまっている。]]></description>
        <styleUrl>#icon-1759-FFEA00</styleUrl>
        <ExtendedData>
          <Data name="出没区分">
            <value>01 目撃</value>
          </Data>
          <Data name="名前">
            <value>令和8年6月18日</value>
          </Data>
          <Data name="出没時間">
            <value>16:30</value>
          </Data>
          <Data name="成獣/幼獣">
            <value>成獣</value>
          </Data>
          <Data name="頭数">
            <value>１頭</value>
          </Data>
          <Data name="発生地域">
            <value>黒川16地割</value>
          </Data>
          <Data name="緯度">
            <value>39.6236835</value>
          </Data>
          <Data name="経度">
            <value>141.1921123</value>
          </Data>
          <Data name="説明">
            <value>住宅敷地付近の藪に成獣１頭がとどまっている。</value>
          </Data>
        </ExtendedData>
        <Point>
          <coordinates>
            141.1921123,39.6236835,0
          </coordinates>
        </Point>
      </Placemark>
      <Placemark>
        <name>令和8年6月19日(厨川五丁目)</name>
        <description><![CDATA[出没区分: 01 目撃<br>名前: 令和8年6月19日<br>出没時間: 19:50<br>成獣/幼獣: 成獣<br>頭数: １頭<br>発生地域: 厨川五丁目<br>緯度: 39.74970269<br>経度: 141.125889<br>説明: 幼稚園の敷地内で成獣１頭を目撃。その後、住宅地内を移動している。]]></description>
        <styleUrl>#icon-1759-FFEA00</styleUrl>
        <ExtendedData>
          <Data name="出没区分">
            <value>01 目撃</value>
          </Data>
          <Data name="名前">
            <value>令和8年6月19日</value>
          </Data>
          <Data name="出没時間">
            <value>19:50</value>
          </Data>
          <Data name="成獣/幼獣">
            <value>成獣</value>
          </Data>
          <Data name="頭数">
            <value>１頭</value>
          </Data>
          <Data name="発生地域">
            <value>厨川五丁目</value>
          </Data>
          <Data name="緯度">
            <value>39.74970269</value>
          </Data>
          <Data name="経度">
            <value>141.125889</value>
          </Data>
          <Data name="説明">
            <value>幼稚園の敷地内で成獣１頭を目撃。その後、住宅地内を移動している。</value>
          </Data>
        </ExtendedData>
        <Point>
          <coordinates>
            141.125889,39.74970269,0
          </coordinates>
        </Point>
      </Placemark>
      <Placemark>
        <name>令和8年6月20日(厨川五丁目)</name>
        <description><![CDATA[出没区分: 01 目撃<br>名前: 令和8年6月20日<br>出没時間: 13:00<br>成獣/幼獣: 幼獣<br>頭数: １頭<br>発生地域: 厨川五丁目<br>緯度: 39.7510727<br>経度: 141.1259359<br>説明: 住宅地で幼獣１頭を目撃。北（岩手牧場方向）に向かって移動していった。]]></description>
        <styleUrl>#icon-1759-FFEA00</styleUrl>
        <ExtendedData>
          <Data name="出没区分">
            <value>01 目撃</value>
          </Data>
          <Data name="名前">
            <value>令和8年6月20日</value>
          </Data>
          <Data name="出没時間">
            <value>13:00</value>
          </Data>
          <Data name="成獣/幼獣">
            <value>幼獣</value>
          </Data>
          <Data name="頭数">
            <value>１頭</value>
          </Data>
          <Data name="発生地域">
            <value>厨川五丁目</value>
          </Data>
          <Data name="緯度">
            <value>39.7510727</value>
          </Data>
          <Data name="経度">
            <value>141.1259359</value>
          </Data>
          <Data name="説明">
            <value>住宅地で幼獣１頭を目撃。北（岩手牧場方向）に向かって移動していった。</value>
          </Data>
        </ExtendedData>
        <Point>
          <coordinates>
            141.1259359,39.7510727,0
          </coordinates>
        </Point>
      </Placemark>
      <Placemark>
        <name>令和8年6月20日(厨川五丁目)</name>
        <description><![CDATA[出没区分: 01 目撃<br>名前: 令和8年6月20日<br>出没時間: 20:15<br>成獣/幼獣: 幼獣<br>頭数: １頭<br>発生地域: 厨川五丁目<br>緯度: 39.74873859<br>経度: 141.1253739<br>説明: 高等学校付近で幼獣１頭を目撃。その後、北側のドラックストア付近で個体を目撃。（移動方向不明）]]></description>
        <styleUrl>#icon-1759-FFEA00</styleUrl>
        <ExtendedData>
          <Data name="出没区分">
            <value>01 目撃</value>
          </Data>
          <Data name="名前">
            <value>令和8年6月20日</value>
          </Data>
          <Data name="出没時間">
            <value>20:15</value>
          </Data>
          <Data name="成獣/幼獣">
            <value>幼獣</value>
          </Data>
          <Data name="頭数">
            <value>１頭</value>
          </Data>
          <Data name="発生地域">
            <value>厨川五丁目</value>
          </Data>
          <Data name="緯度">
            <value>39.74873859</value>
          </Data>
          <Data name="経度">
            <value>141.1253739</value>
          </Data>
          <Data name="説明">
            <value>高等学校付近で幼獣１頭を目撃。その後、北側のドラックストア付近で個体を目撃。（移動方向不明）</value>
          </Data>
        </ExtendedData>
        <Point>
          <coordinates>
            141.1253739,39.74873859,0
          </coordinates>
        </Point>
      </Placemark>
      <Placemark>
        <name>令和8年6月21日(厨川一丁目)</name>
        <description><![CDATA[出没区分: 01 目撃<br>名前: 令和8年6月21日<br>出没時間: 4:45<br>成獣/幼獣: 成獣<br>頭数: １頭<br>発生地域: 厨川一丁目<br>緯度: 39.74722527<br>経度: 141.1305795<br>説明: 厨川駐在所滝沢踏切付近で成獣１頭を目撃。（移動方向不明）]]></description>
        <styleUrl>#icon-1759-FFEA00</styleUrl>
        <ExtendedData>
          <Data name="出没区分">
            <value>01 目撃</value>
          </Data>
          <Data name="名前">
            <value>令和8年6月21日</value>
          </Data>
          <Data name="出没時間">
            <value>4:45</value>
          </Data>
          <Data name="成獣/幼獣">
            <value>成獣</value>
          </Data>
          <Data name="頭数">
            <value>１頭</value>
          </Data>
          <Data name="発生地域">
            <value>厨川一丁目</value>
          </Data>
          <Data name="緯度">
            <value>39.74722527</value>
          </Data>
          <Data name="経度">
            <value>141.1305795</value>
          </Data>
          <Data name="説明">
            <value>厨川駐在所滝沢踏切付近で成獣１頭を目撃。（移動方向不明）</value>
          </Data>
        </ExtendedData>
        <Point>
          <coordinates>
            141.1305795,39.74722527,0
          </coordinates>
        </Point>
      </Placemark>
      <Placemark>
        <name>令和8年6月21日(厨川一丁目)</name>
        <description><![CDATA[出没区分: 01 目撃<br>名前: 令和8年6月21日<br>出没時間: 7:45<br>成獣/幼獣: 幼獣<br>頭数: １頭<br>発生地域: 厨川一丁目<br>緯度: 39.74722527<br>経度: 141.1305795<br>説明: 厨川駐在所滝沢踏切付近で成獣１頭を目撃。付近を個体が移動している。]]></description>
        <styleUrl>#icon-1759-FFEA00</styleUrl>
        <ExtendedData>
          <Data name="出没区分">
            <value>01 目撃</value>
          </Data>
          <Data name="名前">
            <value>令和8年6月21日</value>
          </Data>
          <Data name="出没時間">
            <value>7:45</value>
          </Data>
          <Data name="成獣/幼獣">
            <value>幼獣</value>
          </Data>
          <Data name="頭数">
            <value>１頭</value>
          </Data>
          <Data name="発生地域">
            <value>厨川一丁目</value>
          </Data>
          <Data name="緯度">
            <value>39.74722527</value>
          </Data>
          <Data name="経度">
            <value>141.1305795</value>
          </Data>
          <Data name="説明">
            <value>厨川駐在所滝沢踏切付近で成獣１頭を目撃。付近を個体が移動している。</value>
          </Data>
        </ExtendedData>
        <Point>
          <coordinates>
            141.1305795,39.74722527,0
          </coordinates>
        </Point>
      </Placemark>
      <Placemark>
        <name>令和8年6月21日(簗川第４地割)</name>
        <description><![CDATA[出没区分: 01 目撃<br>名前: 令和8年6月21日<br>出没時間: 8:10<br>成獣/幼獣: 成獣<br>頭数: １頭<br>発生地域: 簗川第４地割<br>緯度: 39.66469085<br>経度: 141.3055359<br>説明: 長洞神社前で成獣１頭を目撃（移動方向不明）]]></description>
        <styleUrl>#icon-1759-FFEA00</styleUrl>
        <ExtendedData>
          <Data name="出没区分">
            <value>01 目撃</value>
          </Data>
          <Data name="名前">
            <value>令和8年6月21日</value>
          </Data>
          <Data name="出没時間">
            <value>8:10</value>
          </Data>
          <Data name="成獣/幼獣">
            <value>成獣</value>
          </Data>
          <Data name="頭数">
            <value>１頭</value>
          </Data>
          <Data name="発生地域">
            <value>簗川第４地割</value>
          </Data>
          <Data name="緯度">
            <value>39.66469085</value>
          </Data>
          <Data name="経度">
            <value>141.3055359</value>
          </Data>
          <Data name="説明">
            <value>長洞神社前で成獣１頭を目撃（移動方向不明）</value>
          </Data>
        </ExtendedData>
        <Point>
          <coordinates>
            141.3055359,39.66469085,0
          </coordinates>
        </Point>
      </Placemark>
      <Placemark>
        <name>令和8年6月21日(厨川三丁目)</name>
        <description><![CDATA[出没区分: 01 目撃<br>名前: 令和8年6月21日<br>出没時間: 12:44<br>成獣/幼獣: 幼獣<br>頭数: １頭<br>発生地域: 厨川三丁目<br>緯度: 39.75113551<br>経度: 141.1330097<br>説明: 住宅地内で幼獣１頭を目撃。南東（東北農業研究センター方向）に向かって移動していった。]]></description>
        <styleUrl>#icon-1759-FFEA00</styleUrl>
        <ExtendedData>
          <Data name="出没区分">
            <value>01 目撃</value>
          </Data>
          <Data name="名前">
            <value>令和8年6月21日</value>
          </Data>
          <Data name="出没時間">
            <value>12:44</value>
          </Data>
          <Data name="成獣/幼獣">
            <value>幼獣</value>
          </Data>
          <Data name="頭数">
            <value>１頭</value>
          </Data>
          <Data name="発生地域">
            <value>厨川三丁目</value>
          </Data>
          <Data name="緯度">
            <value>39.75113551</value>
          </Data>
          <Data name="経度">
            <value>141.1330097</value>
          </Data>
          <Data name="説明">
            <value>住宅地内で幼獣１頭を目撃。南東（東北農業研究センター方向）に向かって移動していった。</value>
          </Data>
        </ExtendedData>
        <Point>
          <coordinates>
            141.1330097,39.75113551,0
          </coordinates>
        </Point>
      </Placemark>
      <Placemark>
        <name>令和8年6月21日(繋字猿田)</name>
        <description><![CDATA[出没区分: 01 目撃<br>名前: 令和8年6月21日<br>出没時間: 17:50<br>成獣/幼獣: 不明<br>頭数: ２頭<br>発生地域: 繋字猿田<br>緯度: 39.68149388<br>経度: 141.0273181<br>説明: 老人福祉施設周辺でクマらしきもの２頭を目撃。北東の山林に向かって移動していった。]]></description>
        <styleUrl>#icon-1759-FFEA00</styleUrl>
        <ExtendedData>
          <Data name="出没区分">
            <value>01 目撃</value>
          </Data>
          <Data name="名前">
            <value>令和8年6月21日</value>
          </Data>
          <Data name="出没時間">
            <value>17:50</value>
          </Data>
          <Data name="成獣/幼獣">
            <value>不明</value>
          </Data>
          <Data name="頭数">
            <value>２頭</value>
          </Data>
          <Data name="発生地域">
            <value>繋字猿田</value>
          </Data>
          <Data name="緯度">
            <value>39.68149388</value>
          </Data>
          <Data name="経度">
            <value>141.0273181</value>
          </Data>
          <Data name="説明">
            <value>老人福祉施設周辺でクマらしきもの２頭を目撃。北東の山林に向かって移動していった。</value>
          </Data>
        </ExtendedData>
        <Point>
          <coordinates>
            141.0273181,39.68149388,0
          </coordinates>
        </Point>
      </Placemark>
      <Placemark>
        <name>令和8年6月22日(下米内ニ丁目)</name>
        <description><![CDATA[出没区分: 01 目撃<br>名前: 令和8年6月22日<br>出没時間: 5:10<br>成獣/幼獣: 成獣<br>頭数: １頭<br>発生地域: 下米内ニ丁目<br>緯度: 39.71739389<br>経度: 141.1779618<br>説明: 住宅地内で成獣１頭を目撃。北の山林に向かって移動していった。]]></description>
        <styleUrl>#icon-1759-FFEA00</styleUrl>
        <ExtendedData>
          <Data name="出没区分">
            <value>01 目撃</value>
          </Data>
          <Data name="名前">
            <value>令和8年6月22日</value>
          </Data>
          <Data name="出没時間">
            <value>5:10</value>
          </Data>
          <Data name="成獣/幼獣">
            <value>成獣</value>
          </Data>
          <Data name="頭数">
            <value>１頭</value>
          </Data>
          <Data name="発生地域">
            <value>下米内ニ丁目</value>
          </Data>
          <Data name="緯度">
            <value>39.71739389</value>
          </Data>
          <Data name="経度">
            <value>141.1779618</value>
          </Data>
          <Data name="説明">
            <value>住宅地内で成獣１頭を目撃。北の山林に向かって移動していった。</value>
          </Data>
        </ExtendedData>
        <Point>
          <coordinates>
            141.1779618,39.71739389,0
          </coordinates>
        </Point>
      </Placemark>
      <Placemark>
        <name>令和8年6月23日(渋民字鶴塚)</name>
        <description><![CDATA[出没区分: 01 目撃<br>名前: 令和8年6月23日<br>出没時間: 19:45<br>成獣/幼獣: 成獣<br>頭数: １頭<br>発生地域: 渋民字鶴塚<br>緯度: 39.849706<br>経度: 141.169085<br>説明: 姫神ホール･渋民文化会館の駐車場の西側で成獣１頭を目撃。北側にある農地に向かって移動していった。]]></description>
        <styleUrl>#icon-1759-FFEA00</styleUrl>
        <ExtendedData>
          <Data name="出没区分">
            <value>01 目撃</value>
          </Data>
          <Data name="名前">
            <value>令和8年6月23日</value>
          </Data>
          <Data name="出没時間">
            <value>19:45</value>
          </Data>
          <Data name="成獣/幼獣">
            <value>成獣</value>
          </Data>
          <Data name="頭数">
            <value>１頭</value>
          </Data>
          <Data name="発生地域">
            <value>渋民字鶴塚</value>
          </Data>
          <Data name="緯度">
            <value>39.849706</value>
          </Data>
          <Data name="経度">
            <value>141.169085</value>
          </Data>
          <Data name="説明">
            <value>姫神ホール･渋民文化会館の駐車場の西側で成獣１頭を目撃。北側にある農地に向かって移動していった。</value>
          </Data>
        </ExtendedData>
        <Point>
          <coordinates>
            141.169085,39.849706,0
          </coordinates>
        </Point>
      </Placemark>
      <Placemark>
        <name>令和8年6月24日(玉山馬場字前田)</name>
        <description><![CDATA[出没区分: 01 目撃<br>名前: 令和8年6月24日<br>出没時間: 11:30<br>成獣/幼獣: 成獣<br>頭数: 1頭<br>発生地域: 玉山馬場字前田<br>緯度: 39.861329<br>経度: 141.219077<br>説明: 養鶏場の付近で成獣１頭を目撃。南東の方向に移動していった。]]></description>
        <styleUrl>#icon-1759-FFEA00</styleUrl>
        <ExtendedData>
          <Data name="出没区分">
            <value>01 目撃</value>
          </Data>
          <Data name="名前">
            <value>令和8年6月24日</value>
          </Data>
          <Data name="出没時間">
            <value>11:30</value>
          </Data>
          <Data name="成獣/幼獣">
            <value>成獣</value>
          </Data>
          <Data name="頭数">
            <value>1頭</value>
          </Data>
          <Data name="発生地域">
            <value>玉山馬場字前田</value>
          </Data>
          <Data name="緯度">
            <value>39.861329</value>
          </Data>
          <Data name="経度">
            <value>141.219077</value>
          </Data>
          <Data name="説明">
            <value>養鶏場の付近で成獣１頭を目撃。南東の方向に移動していった。</value>
          </Data>
        </ExtendedData>
        <Point>
          <coordinates>
            141.219077,39.861329,0
          </coordinates>
        </Point>
      </Placemark>
      <Placemark>
        <name>令和8年6月24日(高松四丁目)</name>
        <description><![CDATA[出没区分: 01 目撃<br>名前: 令和8年6月24日<br>出没時間: 16:10<br>成獣/幼獣: 不明<br>頭数: １頭<br>発生地域: 高松四丁目<br>緯度: 39.729076<br>経度: 141.135316<br>説明: 住宅周辺でクマらしきもの１頭を目撃（移動方向不明）]]></description>
        <styleUrl>#icon-1759-FFEA00</styleUrl>
        <ExtendedData>
          <Data name="出没区分">
            <value>01 目撃</value>
          </Data>
          <Data name="名前">
            <value>令和8年6月24日</value>
          </Data>
          <Data name="出没時間">
            <value>16:10</value>
          </Data>
          <Data name="成獣/幼獣">
            <value>不明</value>
          </Data>
          <Data name="頭数">
            <value>１頭</value>
          </Data>
          <Data name="発生地域">
            <value>高松四丁目</value>
          </Data>
          <Data name="緯度">
            <value>39.729076</value>
          </Data>
          <Data name="経度">
            <value>141.135316</value>
          </Data>
          <Data name="説明">
            <value>住宅周辺でクマらしきもの１頭を目撃（移動方向不明）</value>
          </Data>
        </ExtendedData>
        <Point>
          <coordinates>
            141.135316,39.729076,0
          </coordinates>
        </Point>
      </Placemark>
      <Placemark>
        <name>令和8年6月24日(繋字除キ)</name>
        <description><![CDATA[出没区分: 01 目撃<br>名前: 令和8年6月24日<br>出没時間: 17:45<br>成獣/幼獣: 成獣<br>頭数: １頭<br>発生地域: 繋字除キ<br>緯度: 39.66684833<br>経度: 141.0001541<br>説明: つなぎ多目的運動場付近で成獣１頭を目撃。南の山林（旧慰霊の森）に向かって移動していった。]]></description>
        <styleUrl>#icon-1759-FFEA00</styleUrl>
        <ExtendedData>
          <Data name="出没区分">
            <value>01 目撃</value>
          </Data>
          <Data name="名前">
            <value>令和8年6月24日</value>
          </Data>
          <Data name="出没時間">
            <value>17:45</value>
          </Data>
          <Data name="成獣/幼獣">
            <value>成獣</value>
          </Data>
          <Data name="頭数">
            <value>１頭</value>
          </Data>
          <Data name="発生地域">
            <value>繋字除キ</value>
          </Data>
          <Data name="緯度">
            <value>39.66684833</value>
          </Data>
          <Data name="経度">
            <value>141.0001541</value>
          </Data>
          <Data name="説明">
            <value>つなぎ多目的運動場付近で成獣１頭を目撃。南の山林（旧慰霊の森）に向かって移動していった。</value>
          </Data>
        </ExtendedData>
        <Point>
          <coordinates>
            141.0001541,39.66684833,0
          </coordinates>
        </Point>
      </Placemark>
      <Placemark>
        <name>令和8年6月24日(好摩字野中)</name>
        <description><![CDATA[出没区分: 01 目撃<br>名前: 令和8年6月24日<br>出没時間: 18:00<br>成獣/幼獣: 成獣<br>頭数: 1頭<br>発生地域: 好摩字野中<br>緯度: 39.877566<br>経度: 141.165855<br>説明: 好摩体育館西側の県道沿いで、成獣１頭を目撃。西側の水田に向かって移動していった。]]></description>
        <styleUrl>#icon-1759-FFEA00</styleUrl>
        <ExtendedData>
          <Data name="出没区分">
            <value>01 目撃</value>
          </Data>
          <Data name="名前">
            <value>令和8年6月24日</value>
          </Data>
          <Data name="出没時間">
            <value>18:00</value>
          </Data>
          <Data name="成獣/幼獣">
            <value>成獣</value>
          </Data>
          <Data name="頭数">
            <value>1頭</value>
          </Data>
          <Data name="発生地域">
            <value>好摩字野中</value>
          </Data>
          <Data name="緯度">
            <value>39.877566</value>
          </Data>
          <Data name="経度">
            <value>141.165855</value>
          </Data>
          <Data name="説明">
            <value>好摩体育館西側の県道沿いで、成獣１頭を目撃。西側の水田に向かって移動していった。</value>
          </Data>
        </ExtendedData>
        <Point>
          <coordinates>
            141.165855,39.877566,0
          </coordinates>
        </Point>
      </Placemark>
      <Placemark>
        <name>令和8年6月25日(茶畑一丁目)</name>
        <description><![CDATA[出没区分: 01 目撃<br>名前: 令和8年6月25日<br>出没時間: 16:35<br>成獣/幼獣: 不明<br>頭数: 不明<br>発生地域: 茶畑一丁目<br>緯度: 39.694256<br>経度: 141.164042<br>説明: 下校中の小学生がクマらしき動物２～３頭を目撃。（移動方向不明）]]></description>
        <styleUrl>#icon-1759-FFEA00</styleUrl>
        <ExtendedData>
          <Data name="出没区分">
            <value>01 目撃</value>
          </Data>
          <Data name="名前">
            <value>令和8年6月25日</value>
          </Data>
          <Data name="出没時間">
            <value>16:35</value>
          </Data>
          <Data name="成獣/幼獣">
            <value>不明</value>
          </Data>
          <Data name="頭数">
            <value>不明</value>
          </Data>
          <Data name="発生地域">
            <value>茶畑一丁目</value>
          </Data>
          <Data name="緯度">
            <value>39.694256</value>
          </Data>
          <Data name="経度">
            <value>141.164042</value>
          </Data>
          <Data name="説明">
            <value>下校中の小学生がクマらしき動物２～３頭を目撃。（移動方向不明）</value>
          </Data>
        </ExtendedData>
        <Point>
          <coordinates>
            141.164042,39.694256,0
          </coordinates>
        </Point>
      </Placemark>
      <Placemark>
        <name>令和8年6月27日(上田一丁目)</name>
        <description><![CDATA[出没区分: 01 目撃<br>名前: 令和8年6月27日<br>出没時間: 12:09<br>成獣/幼獣: 成獣<br>頭数: １頭<br>発生地域: 上田一丁目<br>緯度: 39.71077465<br>経度: 141.1385508<br>説明: 県道１号線の踏切周辺で成獣１頭を目撃。北に向かって移動していった。]]></description>
        <styleUrl>#icon-1759-FFEA00</styleUrl>
        <ExtendedData>
          <Data name="出没区分">
            <value>01 目撃</value>
          </Data>
          <Data name="名前">
            <value>令和8年6月27日</value>
          </Data>
          <Data name="出没時間">
            <value>12:09</value>
          </Data>
          <Data name="成獣/幼獣">
            <value>成獣</value>
          </Data>
          <Data name="頭数">
            <value>１頭</value>
          </Data>
          <Data name="発生地域">
            <value>上田一丁目</value>
          </Data>
          <Data name="緯度">
            <value>39.71077465</value>
          </Data>
          <Data name="経度">
            <value>141.1385508</value>
          </Data>
          <Data name="説明">
            <value>県道１号線の踏切周辺で成獣１頭を目撃。北に向かって移動していった。</value>
          </Data>
        </ExtendedData>
        <Point>
          <coordinates>
            141.1385508,39.71077465,0
          </coordinates>
        </Point>
      </Placemark>
      <Placemark>
        <name>令和8年6月27日(繋字湯ノ舘)</name>
        <description><![CDATA[出没区分: 01 目撃<br>名前: 令和8年6月27日<br>出没時間: 15:30<br>成獣/幼獣: 幼獣<br>頭数: １頭<br>発生地域: 繋字湯ノ舘<br>緯度: 39.67707188<br>経度: 141.0252666<br>説明: 山林中腹で幼獣１頭を目撃。山林を奥に移動していった。]]></description>
        <styleUrl>#icon-1759-FFEA00</styleUrl>
        <ExtendedData>
          <Data name="出没区分">
            <value>01 目撃</value>
          </Data>
          <Data name="名前">
            <value>令和8年6月27日</value>
          </Data>
          <Data name="出没時間">
            <value>15:30</value>
          </Data>
          <Data name="成獣/幼獣">
            <value>幼獣</value>
          </Data>
          <Data name="頭数">
            <value>１頭</value>
          </Data>
          <Data name="発生地域">
            <value>繋字湯ノ舘</value>
          </Data>
          <Data name="緯度">
            <value>39.67707188</value>
          </Data>
          <Data name="経度">
            <value>141.0252666</value>
          </Data>
          <Data name="説明">
            <value>山林中腹で幼獣１頭を目撃。山林を奥に移動していった。</value>
          </Data>
        </ExtendedData>
        <Point>
          <coordinates>
            141.0252666,39.67707188,0
          </coordinates>
        </Point>
      </Placemark>
      <Placemark>
        <name>令和8年6月28日(東安庭三丁目)</name>
        <description><![CDATA[出没区分: 01 目撃<br>名前: 令和8年6月28日<br>出没時間: 9:05<br>成獣/幼獣: 幼獣<br>頭数: １頭<br>発生地域: 東安庭三丁目<br>緯度: 39.6776953<br>経度: 141.1686253<br>説明: 郵便局の東側のほ場で幼獣１頭を目撃。（移動方向不明）]]></description>
        <styleUrl>#icon-1759-FFEA00</styleUrl>
        <ExtendedData>
          <Data name="出没区分">
            <value>01 目撃</value>
          </Data>
          <Data name="名前">
            <value>令和8年6月28日</value>
          </Data>
          <Data name="出没時間">
            <value>9:05</value>
          </Data>
          <Data name="成獣/幼獣">
            <value>幼獣</value>
          </Data>
          <Data name="頭数">
            <value>１頭</value>
          </Data>
          <Data name="発生地域">
            <value>東安庭三丁目</value>
          </Data>
          <Data name="緯度">
            <value>39.6776953</value>
          </Data>
          <Data name="経度">
            <value>141.1686253</value>
          </Data>
          <Data name="説明">
            <value>郵便局の東側のほ場で幼獣１頭を目撃。（移動方向不明）</value>
          </Data>
        </ExtendedData>
        <Point>
          <coordinates>
            141.1686253,39.6776953,0
          </coordinates>
        </Point>
      </Placemark>
      <Placemark>
        <name>令和8年6月28日(黒石野三丁目)</name>
        <description><![CDATA[出没区分: 01 目撃<br>名前: 令和8年6月28日<br>出没時間: 18:50<br>成獣/幼獣: 幼獣<br>頭数: １頭<br>発生地域: 黒石野三丁目<br>緯度: 39.73886921<br>経度: 141.13937<br>説明: 北上川周辺の水田で幼獣１頭を目撃。（移動方向不明）]]></description>
        <styleUrl>#icon-1759-FFEA00</styleUrl>
        <ExtendedData>
          <Data name="出没区分">
            <value>01 目撃</value>
          </Data>
          <Data name="名前">
            <value>令和8年6月28日</value>
          </Data>
          <Data name="出没時間">
            <value>18:50</value>
          </Data>
          <Data name="成獣/幼獣">
            <value>幼獣</value>
          </Data>
          <Data name="頭数">
            <value>１頭</value>
          </Data>
          <Data name="発生地域">
            <value>黒石野三丁目</value>
          </Data>
          <Data name="緯度">
            <value>39.73886921</value>
          </Data>
          <Data name="経度">
            <value>141.13937</value>
          </Data>
          <Data name="説明">
            <value>北上川周辺の水田で幼獣１頭を目撃。（移動方向不明）</value>
          </Data>
        </ExtendedData>
        <Point>
          <coordinates>
            141.13937,39.73886921,0
          </coordinates>
        </Point>
      </Placemark>
      <Placemark>
        <name>令和8年6月28日(手代森５地割)</name>
        <description><![CDATA[出没区分: 01 目撃<br>名前: 令和8年6月28日<br>出没時間: 21:23<br>成獣/幼獣: 成獣<br>頭数: １頭<br>発生地域: 手代森５地割<br>緯度: 39.66259234<br>経度: 141.1971463<br>説明: 事業所の敷地周辺で成獣１頭を目撃。（移動方向不明）]]></description>
        <styleUrl>#icon-1759-FFEA00</styleUrl>
        <ExtendedData>
          <Data name="出没区分">
            <value>01 目撃</value>
          </Data>
          <Data name="名前">
            <value>令和8年6月28日</value>
          </Data>
          <Data name="出没時間">
            <value>21:23</value>
          </Data>
          <Data name="成獣/幼獣">
            <value>成獣</value>
          </Data>
          <Data name="頭数">
            <value>１頭</value>
          </Data>
          <Data name="発生地域">
            <value>手代森５地割</value>
          </Data>
          <Data name="緯度">
            <value>39.66259234</value>
          </Data>
          <Data name="経度">
            <value>141.1971463</value>
          </Data>
          <Data name="説明">
            <value>事業所の敷地周辺で成獣１頭を目撃。（移動方向不明）</value>
          </Data>
        </ExtendedData>
        <Point>
          <coordinates>
            141.1971463,39.66259234,0
          </coordinates>
        </Point>
      </Placemark>
      <Placemark>
        <name>令和8年6月29日(緑が丘四丁目)</name>
        <description><![CDATA[出没区分: 01 目撃<br>名前: 令和8年6月29日<br>出没時間: 21:10<br>成獣/幼獣: 成獣<br>頭数: １頭<br>発生地域: 緑が丘四丁目<br>緯度: 39.73782235<br>経度: 141.1434971<br>説明: 住宅地で成獣１頭を目撃。（移動方向不明）]]></description>
        <styleUrl>#icon-1759-FFEA00</styleUrl>
        <ExtendedData>
          <Data name="出没区分">
            <value>01 目撃</value>
          </Data>
          <Data name="名前">
            <value>令和8年6月29日</value>
          </Data>
          <Data name="出没時間">
            <value>21:10</value>
          </Data>
          <Data name="成獣/幼獣">
            <value>成獣</value>
          </Data>
          <Data name="頭数">
            <value>１頭</value>
          </Data>
          <Data name="発生地域">
            <value>緑が丘四丁目</value>
          </Data>
          <Data name="緯度">
            <value>39.73782235</value>
          </Data>
          <Data name="経度">
            <value>141.1434971</value>
          </Data>
          <Data name="説明">
            <value>住宅地で成獣１頭を目撃。（移動方向不明）</value>
          </Data>
        </ExtendedData>
        <Point>
          <coordinates>
            141.1434971,39.73782235,0
          </coordinates>
        </Point>
      </Placemark>
      <Placemark>
        <name>令和8年6月30日(高松四丁目)</name>
        <description><![CDATA[出没区分: 01 目撃<br>名前: 令和8年6月30日<br>出没時間: 7:00<br>成獣/幼獣: 成獣<br>頭数: １頭<br>発生地域: 高松四丁目<br>緯度: 39.72668347<br>経度: 141.1362943<br>説明: 八幡森神社付近で成獣１頭を目撃。西に向かって移動していった。]]></description>
        <styleUrl>#icon-1759-FFEA00</styleUrl>
        <ExtendedData>
          <Data name="出没区分">
            <value>01 目撃</value>
          </Data>
          <Data name="名前">
            <value>令和8年6月30日</value>
          </Data>
          <Data name="出没時間">
            <value>7:00</value>
          </Data>
          <Data name="成獣/幼獣">
            <value>成獣</value>
          </Data>
          <Data name="頭数">
            <value>１頭</value>
          </Data>
          <Data name="発生地域">
            <value>高松四丁目</value>
          </Data>
          <Data name="緯度">
            <value>39.72668347</value>
          </Data>
          <Data name="経度">
            <value>141.1362943</value>
          </Data>
          <Data name="説明">
            <value>八幡森神社付近で成獣１頭を目撃。西に向かって移動していった。</value>
          </Data>
        </ExtendedData>
        <Point>
          <coordinates>
            141.1362943,39.72668347,0
          </coordinates>
        </Point>
      </Placemark>
      <Placemark>
        <name>令和8年6月30日(繋字猿田)</name>
        <description><![CDATA[出没区分: 01 目撃<br>名前: 令和8年6月30日<br>出没時間: 16:40<br>成獣/幼獣: 幼獣<br>頭数: １頭<br>発生地域: 繋字猿田<br>緯度: 39.68189628<br>経度: 141.0271993<br>説明: 木に登っている幼獣１頭を目撃。山林の奥に移動していった。]]></description>
        <styleUrl>#icon-1759-FFEA00</styleUrl>
        <ExtendedData>
          <Data name="出没区分">
            <value>01 目撃</value>
          </Data>
          <Data name="名前">
            <value>令和8年6月30日</value>
          </Data>
          <Data name="出没時間">
            <value>16:40</value>
          </Data>
          <Data name="成獣/幼獣">
            <value>幼獣</value>
          </Data>
          <Data name="頭数">
            <value>１頭</value>
          </Data>
          <Data name="発生地域">
            <value>繋字猿田</value>
          </Data>
          <Data name="緯度">
            <value>39.68189628</value>
          </Data>
          <Data name="経度">
            <value>141.0271993</value>
          </Data>
          <Data name="説明">
            <value>木に登っている幼獣１頭を目撃。山林の奥に移動していった。</value>
          </Data>
        </ExtendedData>
        <Point>
          <coordinates>
            141.0271993,39.68189628,0
          </coordinates>
        </Point>
      </Placemark>
      <Placemark>
        <name>令和8年7月1日(繋字湯ノ舘)</name>
        <description><![CDATA[出没区分: 01 目撃<br>名前: 令和8年7月1日<br>出没時間: 8:40<br>成獣/幼獣: 成獣<br>頭数: １頭<br>発生地域: 繋字湯ノ舘<br>緯度: 39.67327845<br>経度: 141.0234831<br>説明: 繋温泉神社駐車場のコンクリート壁付近で成獣１頭を目撃。付近の山林奥に移動していった。]]></description>
        <styleUrl>#icon-1759-FFEA00</styleUrl>
        <ExtendedData>
          <Data name="出没区分">
            <value>01 目撃</value>
          </Data>
          <Data name="名前">
            <value>令和8年7月1日</value>
          </Data>
          <Data name="出没時間">
            <value>8:40</value>
          </Data>
          <Data name="成獣/幼獣">
            <value>成獣</value>
          </Data>
          <Data name="頭数">
            <value>１頭</value>
          </Data>
          <Data name="発生地域">
            <value>繋字湯ノ舘</value>
          </Data>
          <Data name="緯度">
            <value>39.67327845</value>
          </Data>
          <Data name="経度">
            <value>141.0234831</value>
          </Data>
          <Data name="説明">
            <value>繋温泉神社駐車場のコンクリート壁付近で成獣１頭を目撃。付近の山林奥に移動していった。</value>
          </Data>
        </ExtendedData>
        <Point>
          <coordinates>
            141.0234831,39.67327845,0
          </coordinates>
        </Point>
      </Placemark>
      <Placemark>
        <name>令和8年7月1日(川目第６地割)</name>
        <description><![CDATA[出没区分: 01 目撃<br>名前: 令和8年7月1日<br>出没時間: 12:00<br>成獣/幼獣: 成獣<br>頭数: １頭<br>発生地域: 川目第６地割<br>緯度: 39.67712218<br>経度: 141.2206234<br>説明: 道路を横断する成獣１頭を目撃。北の山林に向かって移動していった。]]></description>
        <styleUrl>#icon-1759-FFEA00</styleUrl>
        <ExtendedData>
          <Data name="出没区分">
            <value>01 目撃</value>
          </Data>
          <Data name="名前">
            <value>令和8年7月1日</value>
          </Data>
          <Data name="出没時間">
            <value>12:00</value>
          </Data>
          <Data name="成獣/幼獣">
            <value>成獣</value>
          </Data>
          <Data name="頭数">
            <value>１頭</value>
          </Data>
          <Data name="発生地域">
            <value>川目第６地割</value>
          </Data>
          <Data name="緯度">
            <value>39.67712218</value>
          </Data>
          <Data name="経度">
            <value>141.2206234</value>
          </Data>
          <Data name="説明">
            <value>道路を横断する成獣１頭を目撃。北の山林に向かって移動していった。</value>
          </Data>
        </ExtendedData>
        <Point>
          <coordinates>
            141.2206234,39.67712218,0
          </coordinates>
        </Point>
      </Placemark>
      <Placemark>
        <name>令和8年7月1日(手代森12地割)</name>
        <description><![CDATA[出没区分: 01 目撃<br>名前: 令和8年7月1日<br>出没時間: 15:35<br>成獣/幼獣: 幼獣<br>頭数: １頭<br>発生地域: 手代森12地割<br>緯度: 39.65734755<br>経度: 141.191013<br>説明: 道路を横断する幼獣１頭を目撃。南東に向かって移動していった。]]></description>
        <styleUrl>#icon-1759-FFEA00</styleUrl>
        <ExtendedData>
          <Data name="出没区分">
            <value>01 目撃</value>
          </Data>
          <Data name="名前">
            <value>令和8年7月1日</value>
          </Data>
          <Data name="出没時間">
            <value>15:35</value>
          </Data>
          <Data name="成獣/幼獣">
            <value>幼獣</value>
          </Data>
          <Data name="頭数">
            <value>１頭</value>
          </Data>
          <Data name="発生地域">
            <value>手代森12地割</value>
          </Data>
          <Data name="緯度">
            <value>39.65734755</value>
          </Data>
          <Data name="経度">
            <value>141.191013</value>
          </Data>
          <Data name="説明">
            <value>道路を横断する幼獣１頭を目撃。南東に向かって移動していった。</value>
          </Data>
        </ExtendedData>
        <Point>
          <coordinates>
            141.191013,39.65734755,0
          </coordinates>
        </Point>
      </Placemark>
      <Placemark>
        <name>令和8年7月1日(好摩字小袋)</name>
        <description><![CDATA[出没区分: 01 目撃<br>名前: 令和8年7月1日<br>出没時間: 16:07<br>成獣/幼獣: 成獣<br>頭数: 1頭<br>発生地域: 好摩字小袋<br>緯度: 39.882729<br>経度: 141.165415<br>説明: 県道を横断する成獣１頭を目撃。東から西に向かって移動していった。]]></description>
        <styleUrl>#icon-1759-FFEA00</styleUrl>
        <ExtendedData>
          <Data name="出没区分">
            <value>01 目撃</value>
          </Data>
          <Data name="名前">
            <value>令和8年7月1日</value>
          </Data>
          <Data name="出没時間">
            <value>16:07</value>
          </Data>
          <Data name="成獣/幼獣">
            <value>成獣</value>
          </Data>
          <Data name="頭数">
            <value>1頭</value>
          </Data>
          <Data name="発生地域">
            <value>好摩字小袋</value>
          </Data>
          <Data name="緯度">
            <value>39.882729</value>
          </Data>
          <Data name="経度">
            <value>141.165415</value>
          </Data>
          <Data name="説明">
            <value>県道を横断する成獣１頭を目撃。東から西に向かって移動していった。</value>
          </Data>
        </ExtendedData>
        <Point>
          <coordinates>
            141.165415,39.882729,0
          </coordinates>
        </Point>
      </Placemark>
      <Placemark>
        <name>令和8年7月2日(黒川11地割)</name>
        <description><![CDATA[出没区分: 01 目撃<br>名前: 令和8年7月2日<br>出没時間: 12:35<br>成獣/幼獣: 不明<br>頭数: １頭<br>発生地域: 黒川11地割<br>緯度: 39.631024<br>経度: 141.18665<br>説明: 黒川町内会公民館付近の道路でクマ１頭を目撃。（移動方向不明）]]></description>
        <styleUrl>#icon-1759-FFEA00</styleUrl>
        <ExtendedData>
          <Data name="出没区分">
            <value>01 目撃</value>
          </Data>
          <Data name="名前">
            <value>令和8年7月2日</value>
          </Data>
          <Data name="出没時間">
            <value>12:35</value>
          </Data>
          <Data name="成獣/幼獣">
            <value>不明</value>
          </Data>
          <Data name="頭数">
            <value>１頭</value>
          </Data>
          <Data name="発生地域">
            <value>黒川11地割</value>
          </Data>
          <Data name="緯度">
            <value>39.631024</value>
          </Data>
          <Data name="経度">
            <value>141.18665</value>
          </Data>
          <Data name="説明">
            <value>黒川町内会公民館付近の道路でクマ１頭を目撃。（移動方向不明）</value>
          </Data>
        </ExtendedData>
        <Point>
          <coordinates>
            141.18665,39.631024,0
          </coordinates>
        </Point>
      </Placemark>
      <Placemark>
        <name>令和8年7月2日(中野一丁目)</name>
        <description><![CDATA[出没区分: 01 目撃<br>名前: 令和8年7月2日<br>出没時間: 14:15<br>成獣/幼獣: 幼獣<br>頭数: １頭<br>発生地域: 中野一丁目<br>緯度: 39.69581513<br>経度: 141.1693121<br>説明: 道路で幼獣１頭を目撃。北（山王小学校方向）に向かって移動していった。]]></description>
        <styleUrl>#icon-1759-FFEA00</styleUrl>
        <ExtendedData>
          <Data name="出没区分">
            <value>01 目撃</value>
          </Data>
          <Data name="名前">
            <value>令和8年7月2日</value>
          </Data>
          <Data name="出没時間">
            <value>14:15</value>
          </Data>
          <Data name="成獣/幼獣">
            <value>幼獣</value>
          </Data>
          <Data name="頭数">
            <value>１頭</value>
          </Data>
          <Data name="発生地域">
            <value>中野一丁目</value>
          </Data>
          <Data name="緯度">
            <value>39.69581513</value>
          </Data>
          <Data name="経度">
            <value>141.1693121</value>
          </Data>
          <Data name="説明">
            <value>道路で幼獣１頭を目撃。北（山王小学校方向）に向かって移動していった。</value>
          </Data>
        </ExtendedData>
        <Point>
          <coordinates>
            141.1693121,39.69581513,0
          </coordinates>
        </Point>
      </Placemark>
      <Placemark>
        <name>令和8年7月3日(厨川四丁目)</name>
        <description><![CDATA[出没区分: 01 目撃<br>名前: 令和8年7月3日<br>出没時間: 8:25<br>成獣/幼獣: 幼獣<br>頭数: １頭<br>発生地域: 厨川四丁目<br>緯度: 39.74754898<br>経度: 141.1298685<br>説明: 東北新幹線の高架沿いを走る幼獣１頭を目撃。北に向かって移動していった。]]></description>
        <styleUrl>#icon-1759-FFEA00</styleUrl>
        <ExtendedData>
          <Data name="出没区分">
            <value>01 目撃</value>
          </Data>
          <Data name="名前">
            <value>令和8年7月3日</value>
          </Data>
          <Data name="出没時間">
            <value>8:25</value>
          </Data>
          <Data name="成獣/幼獣">
            <value>幼獣</value>
          </Data>
          <Data name="頭数">
            <value>１頭</value>
          </Data>
          <Data name="発生地域">
            <value>厨川四丁目</value>
          </Data>
          <Data name="緯度">
            <value>39.74754898</value>
          </Data>
          <Data name="経度">
            <value>141.1298685</value>
          </Data>
          <Data name="説明">
            <value>東北新幹線の高架沿いを走る幼獣１頭を目撃。北に向かって移動していった。</value>
          </Data>
        </ExtendedData>
        <Point>
          <coordinates>
            141.1298685,39.74754898,0
          </coordinates>
        </Point>
      </Placemark>
      <Placemark>
        <name>令和8年7月3日(北松園三丁目)</name>
        <description><![CDATA[出没区分: 01 目撃<br>名前: 令和8年7月3日<br>出没時間: 9:35<br>成獣/幼獣: 不明<br>頭数: １頭<br>発生地域: 北松園三丁目<br>緯度: 39.7612187<br>経度: 141.166588<br>説明: みはらしの丘の西側でクマ１頭を目撃。南に向かって移動していった。]]></description>
        <styleUrl>#icon-1759-FFEA00</styleUrl>
        <ExtendedData>
          <Data name="出没区分">
            <value>01 目撃</value>
          </Data>
          <Data name="名前">
            <value>令和8年7月3日</value>
          </Data>
          <Data name="出没時間">
            <value>9:35</value>
          </Data>
          <Data name="成獣/幼獣">
            <value>不明</value>
          </Data>
          <Data name="頭数">
            <value>１頭</value>
          </Data>
          <Data name="発生地域">
            <value>北松園三丁目</value>
          </Data>
          <Data name="緯度">
            <value>39.7612187</value>
          </Data>
          <Data name="経度">
            <value>141.166588</value>
          </Data>
          <Data name="説明">
            <value>みはらしの丘の西側でクマ１頭を目撃。南に向かって移動していった。</value>
          </Data>
        </ExtendedData>
        <Point>
          <coordinates>
            141.166588,39.7612187,0
          </coordinates>
        </Point>
      </Placemark>
      <Placemark>
        <name>令和8年7月3日(厨川五丁目)</name>
        <description><![CDATA[出没区分: 01 目撃<br>名前: 令和8年7月3日<br>出没時間: 10:00<br>成獣/幼獣: 不明<br>頭数: １頭<br>発生地域: 厨川五丁目<br>緯度: 39.75170347<br>経度: 141.1289496<br>説明: 市営アパート付近でクマ１頭を目撃。岩手牧場方向に移動していった。]]></description>
        <styleUrl>#icon-1759-FFEA00</styleUrl>
        <ExtendedData>
          <Data name="出没区分">
            <value>01 目撃</value>
          </Data>
          <Data name="名前">
            <value>令和8年7月3日</value>
          </Data>
          <Data name="出没時間">
            <value>10:00</value>
          </Data>
          <Data name="成獣/幼獣">
            <value>不明</value>
          </Data>
          <Data name="頭数">
            <value>１頭</value>
          </Data>
          <Data name="発生地域">
            <value>厨川五丁目</value>
          </Data>
          <Data name="緯度">
            <value>39.75170347</value>
          </Data>
          <Data name="経度">
            <value>141.1289496</value>
          </Data>
          <Data name="説明">
            <value>市営アパート付近でクマ１頭を目撃。岩手牧場方向に移動していった。</value>
          </Data>
        </ExtendedData>
        <Point>
          <coordinates>
            141.1289496,39.75170347,0
          </coordinates>
        </Point>
      </Placemark>
      <Placemark>
        <name>令和8年7月3日(繋字北久保)</name>
        <description><![CDATA[出没区分: 01 目撃<br>名前: 令和8年7月3日<br>出没時間: 18:28<br>成獣/幼獣: 不明<br>頭数: １頭<br>発生地域: 繋字北久保<br>緯度: 39.68744148<br>経度: 141.0332442<br>説明: 猿田橋付近でクマ１頭を目撃。南に向かって移動していった。]]></description>
        <styleUrl>#icon-1759-FFEA00</styleUrl>
        <ExtendedData>
          <Data name="出没区分">
            <value>01 目撃</value>
          </Data>
          <Data name="名前">
            <value>令和8年7月3日</value>
          </Data>
          <Data name="出没時間">
            <value>18:28</value>
          </Data>
          <Data name="成獣/幼獣">
            <value>不明</value>
          </Data>
          <Data name="頭数">
            <value>１頭</value>
          </Data>
          <Data name="発生地域">
            <value>繋字北久保</value>
          </Data>
          <Data name="緯度">
            <value>39.68744148</value>
          </Data>
          <Data name="経度">
            <value>141.0332442</value>
          </Data>
          <Data name="説明">
            <value>猿田橋付近でクマ１頭を目撃。南に向かって移動していった。</value>
          </Data>
        </ExtendedData>
        <Point>
          <coordinates>
            141.0332442,39.68744148,0
          </coordinates>
        </Point>
      </Placemark>
      <Placemark>
        <name>令和8年7月5日(上米内字米内沢)</name>
        <description><![CDATA[出没区分: 01 目撃<br>名前: 令和8年7月5日<br>出没時間: 17:50<br>成獣/幼獣: 成獣<br>頭数: １頭<br>発生地域: 上米内字米内沢<br>緯度: 39.75297105<br>経度: 141.2003969<br>説明: 県道36号線で成獣１頭を目撃。西に向かって移動していった。]]></description>
        <styleUrl>#icon-1759-FFEA00</styleUrl>
        <ExtendedData>
          <Data name="出没区分">
            <value>01 目撃</value>
          </Data>
          <Data name="名前">
            <value>令和8年7月5日</value>
          </Data>
          <Data name="出没時間">
            <value>17:50</value>
          </Data>
          <Data name="成獣/幼獣">
            <value>成獣</value>
          </Data>
          <Data name="頭数">
            <value>１頭</value>
          </Data>
          <Data name="発生地域">
            <value>上米内字米内沢</value>
          </Data>
          <Data name="緯度">
            <value>39.75297105</value>
          </Data>
          <Data name="経度">
            <value>141.2003969</value>
          </Data>
          <Data name="説明">
            <value>県道36号線で成獣１頭を目撃。西に向かって移動していった。</value>
          </Data>
        </ExtendedData>
        <Point>
          <coordinates>
            141.2003969,39.75297105,0
          </coordinates>
        </Point>
      </Placemark>
      <Placemark>
        <name>令和8年7月6日(桜台二丁目)</name>
        <description><![CDATA[出没区分: 01 目撃<br>名前: 令和8年7月6日<br>出没時間: 15:00<br>成獣/幼獣: 成獣<br>頭数: １頭<br>発生地域: 桜台二丁目<br>緯度: 39.74852872<br>経度: 141.2000868<br>説明: 住宅地内で成獣一頭を目撃。（移動方向不明）]]></description>
        <styleUrl>#icon-1759-FFEA00</styleUrl>
        <ExtendedData>
          <Data name="出没区分">
            <value>01 目撃</value>
          </Data>
          <Data name="名前">
            <value>令和8年7月6日</value>
          </Data>
          <Data name="出没時間">
            <value>15:00</value>
          </Data>
          <Data name="成獣/幼獣">
            <value>成獣</value>
          </Data>
          <Data name="頭数">
            <value>１頭</value>
          </Data>
          <Data name="発生地域">
            <value>桜台二丁目</value>
          </Data>
          <Data name="緯度">
            <value>39.74852872</value>
          </Data>
          <Data name="経度">
            <value>141.2000868</value>
          </Data>
          <Data name="説明">
            <value>住宅地内で成獣一頭を目撃。（移動方向不明）</value>
          </Data>
        </ExtendedData>
        <Point>
          <coordinates>
            141.2000868,39.74852872,0
          </coordinates>
        </Point>
      </Placemark>
      <Placemark>
        <name>令和8年7月6日(川目第８地割)</name>
        <description><![CDATA[出没区分: 01 目撃<br>名前: 令和8年7月6日<br>出没時間: 15:15<br>成獣/幼獣: 幼獣<br>頭数: １頭<br>発生地域: 川目第８地割<br>緯度: 39.67167042<br>経度: 141.1999329<br>説明: 川目御中神社付近で幼獣１頭を目撃。近くの藪の奥に移動してった。]]></description>
        <styleUrl>#icon-1759-FFEA00</styleUrl>
        <ExtendedData>
          <Data name="出没区分">
            <value>01 目撃</value>
          </Data>
          <Data name="名前">
            <value>令和8年7月6日</value>
          </Data>
          <Data name="出没時間">
            <value>15:15</value>
          </Data>
          <Data name="成獣/幼獣">
            <value>幼獣</value>
          </Data>
          <Data name="頭数">
            <value>１頭</value>
          </Data>
          <Data name="発生地域">
            <value>川目第８地割</value>
          </Data>
          <Data name="緯度">
            <value>39.67167042</value>
          </Data>
          <Data name="経度">
            <value>141.1999329</value>
          </Data>
          <Data name="説明">
            <value>川目御中神社付近で幼獣１頭を目撃。近くの藪の奥に移動してった。</value>
          </Data>
        </ExtendedData>
        <Point>
          <coordinates>
            141.1999329,39.67167042,0
          </coordinates>
        </Point>
      </Placemark>
      <Placemark>
        <name>令和8年7月7日(川目町)</name>
        <description><![CDATA[出没区分: 01 目撃<br>名前: 令和8年7月7日<br>出没時間: 15:15<br>成獣/幼獣: 不明<br>頭数: １頭<br>発生地域: 川目町<br>緯度: 39.68428036<br>経度: 141.1845653<br>説明: 住宅地付近の土手でクマ１頭を目撃。（移動方向不明）]]></description>
        <styleUrl>#icon-1759-FFEA00</styleUrl>
        <ExtendedData>
          <Data name="出没区分">
            <value>01 目撃</value>
          </Data>
          <Data name="名前">
            <value>令和8年7月7日</value>
          </Data>
          <Data name="出没時間">
            <value>15:15</value>
          </Data>
          <Data name="成獣/幼獣">
            <value>不明</value>
          </Data>
          <Data name="頭数">
            <value>１頭</value>
          </Data>
          <Data name="発生地域">
            <value>川目町</value>
          </Data>
          <Data name="緯度">
            <value>39.68428036</value>
          </Data>
          <Data name="経度">
            <value>141.1845653</value>
          </Data>
          <Data name="説明">
            <value>住宅地付近の土手でクマ１頭を目撃。（移動方向不明）</value>
          </Data>
        </ExtendedData>
        <Point>
          <coordinates>
            141.1845653,39.68428036,0
          </coordinates>
        </Point>
      </Placemark>
      <Placemark>
        <name>令和8年7月9日(乙部15地割)</name>
        <description><![CDATA[出没区分: 01 目撃<br>名前: 令和8年7月9日<br>出没時間: 5:40<br>成獣/幼獣: 不明<br>頭数: １頭<br>発生地域: 乙部15地割<br>緯度: 39.61016251<br>経度: 141.2099098<br>説明: 墓地周辺でクマ1頭を目撃。東に向かって移動していった。]]></description>
        <styleUrl>#icon-1759-FFEA00</styleUrl>
        <ExtendedData>
          <Data name="出没区分">
            <value>01 目撃</value>
          </Data>
          <Data name="名前">
            <value>令和8年7月9日</value>
          </Data>
          <Data name="出没時間">
            <value>5:40</value>
          </Data>
          <Data name="成獣/幼獣">
            <value>不明</value>
          </Data>
          <Data name="頭数">
            <value>１頭</value>
          </Data>
          <Data name="発生地域">
            <value>乙部15地割</value>
          </Data>
          <Data name="緯度">
            <value>39.61016251</value>
          </Data>
          <Data name="経度">
            <value>141.2099098</value>
          </Data>
          <Data name="説明">
            <value>墓地周辺でクマ1頭を目撃。東に向かって移動していった。</value>
          </Data>
        </ExtendedData>
        <Point>
          <coordinates>
            141.2099098,39.61016251,0
          </coordinates>
        </Point>
      </Placemark>
      <Placemark>
        <name>令和8年7月9日(東安庭三丁目)</name>
        <description><![CDATA[出没区分: 01 目撃<br>名前: 令和8年7月9日<br>出没時間: 5:45<br>成獣/幼獣: 不明<br>頭数: １頭<br>発生地域: 東安庭三丁目<br>緯度: 39.67616312<br>経度: 141.1660786<br>説明: 国道396号線でクマ１頭を目撃。西に向かって移動していった。]]></description>
        <styleUrl>#icon-1759-FFEA00</styleUrl>
        <ExtendedData>
          <Data name="出没区分">
            <value>01 目撃</value>
          </Data>
          <Data name="名前">
            <value>令和8年7月9日</value>
          </Data>
          <Data name="出没時間">
            <value>5:45</value>
          </Data>
          <Data name="成獣/幼獣">
            <value>不明</value>
          </Data>
          <Data name="頭数">
            <value>１頭</value>
          </Data>
          <Data name="発生地域">
            <value>東安庭三丁目</value>
          </Data>
          <Data name="緯度">
            <value>39.67616312</value>
          </Data>
          <Data name="経度">
            <value>141.1660786</value>
          </Data>
          <Data name="説明">
            <value>国道396号線でクマ１頭を目撃。西に向かって移動していった。</value>
          </Data>
        </ExtendedData>
        <Point>
          <coordinates>
            141.1660786,39.67616312,0
          </coordinates>
        </Point>
      </Placemark>
      <Placemark>
        <name>令和8年7月9日(繋字湯ノ舘)</name>
        <description><![CDATA[出没区分: 01 目撃<br>名前: 令和8年7月9日<br>出没時間: 6:20<br>成獣/幼獣: 不明<br>頭数: １頭<br>発生地域: 繋字湯ノ舘<br>緯度: 39.67848337<br>経度: 141.0254644<br>説明: 温泉施設周辺でクマ１頭を目撃。南西に向かって移動していった。]]></description>
        <styleUrl>#icon-1759-FFEA00</styleUrl>
        <ExtendedData>
          <Data name="出没区分">
            <value>01 目撃</value>
          </Data>
          <Data name="名前">
            <value>令和8年7月9日</value>
          </Data>
          <Data name="出没時間">
            <value>6:20</value>
          </Data>
          <Data name="成獣/幼獣">
            <value>不明</value>
          </Data>
          <Data name="頭数">
            <value>１頭</value>
          </Data>
          <Data name="発生地域">
            <value>繋字湯ノ舘</value>
          </Data>
          <Data name="緯度">
            <value>39.67848337</value>
          </Data>
          <Data name="経度">
            <value>141.0254644</value>
          </Data>
          <Data name="説明">
            <value>温泉施設周辺でクマ１頭を目撃。南西に向かって移動していった。</value>
          </Data>
        </ExtendedData>
        <Point>
          <coordinates>
            141.0254644,39.67848337,0
          </coordinates>
        </Point>
      </Placemark>
      <Placemark>
        <name>令和8年7月9日(乙部29地割)</name>
        <description><![CDATA[出没区分: 01 目撃<br>名前: 令和8年7月9日<br>出没時間: 8:30<br>成獣/幼獣: 不明<br>頭数: １頭<br>発生地域: 乙部29地割<br>緯度: 39.60873597<br>経度: 141.2001555<br>説明: 住宅地周辺でクマ１頭を目撃。（移動方向不明）]]></description>
        <styleUrl>#icon-1759-FFEA00</styleUrl>
        <ExtendedData>
          <Data name="出没区分">
            <value>01 目撃</value>
          </Data>
          <Data name="名前">
            <value>令和8年7月9日</value>
          </Data>
          <Data name="出没時間">
            <value>8:30</value>
          </Data>
          <Data name="成獣/幼獣">
            <value>不明</value>
          </Data>
          <Data name="頭数">
            <value>１頭</value>
          </Data>
          <Data name="発生地域">
            <value>乙部29地割</value>
          </Data>
          <Data name="緯度">
            <value>39.60873597</value>
          </Data>
          <Data name="経度">
            <value>141.2001555</value>
          </Data>
          <Data name="説明">
            <value>住宅地周辺でクマ１頭を目撃。（移動方向不明）</value>
          </Data>
        </ExtendedData>
        <Point>
          <coordinates>
            141.2001555,39.60873597,0
          </coordinates>
        </Point>
      </Placemark>
      <Placemark>
        <name>令和8年7月9日(東仙北二丁目)</name>
        <description><![CDATA[出没区分: 01 目撃<br>名前: 令和8年7月9日<br>出没時間: 11:30<br>成獣/幼獣: 幼獣<br>頭数: １頭<br>発生地域: 東仙北二丁目<br>緯度: 39.67936643<br>経度: 141.1555581<br>説明: 国道４号線で幼獣１頭を目撃。東から西に向かって横断していった。]]></description>
        <styleUrl>#icon-1759-FFEA00</styleUrl>
        <ExtendedData>
          <Data name="出没区分">
            <value>01 目撃</value>
          </Data>
          <Data name="名前">
            <value>令和8年7月9日</value>
          </Data>
          <Data name="出没時間">
            <value>11:30</value>
          </Data>
          <Data name="成獣/幼獣">
            <value>幼獣</value>
          </Data>
          <Data name="頭数">
            <value>１頭</value>
          </Data>
          <Data name="発生地域">
            <value>東仙北二丁目</value>
          </Data>
          <Data name="緯度">
            <value>39.67936643</value>
          </Data>
          <Data name="経度">
            <value>141.1555581</value>
          </Data>
          <Data name="説明">
            <value>国道４号線で幼獣１頭を目撃。東から西に向かって横断していった。</value>
          </Data>
        </ExtendedData>
        <Point>
          <coordinates>
            141.1555581,39.67936643,0
          </coordinates>
        </Point>
      </Placemark>
      <Placemark>
        <name>令和8年7月9日(向中野幅)</name>
        <description><![CDATA[出没区分: 01 目撃<br>名前: 令和8年7月9日<br>出没時間: 12:00<br>成獣/幼獣: 幼獣<br>頭数: １頭<br>発生地域: 向中野幅<br>緯度: 39.67223023<br>経度: 141.1454044<br>説明: 盛岡市学校給食センター付近で幼獣１頭を目撃。付近を移動している。<br> （同一個体）]]></description>
        <styleUrl>#icon-1759-FFEA00</styleUrl>
        <ExtendedData>
          <Data name="出没区分">
            <value>01 目撃</value>
          </Data>
          <Data name="名前">
            <value>令和8年7月9日</value>
          </Data>
          <Data name="出没時間">
            <value>12:00</value>
          </Data>
          <Data name="成獣/幼獣">
            <value>幼獣</value>
          </Data>
          <Data name="頭数">
            <value>１頭</value>
          </Data>
          <Data name="発生地域">
            <value>向中野幅</value>
          </Data>
          <Data name="緯度">
            <value>39.67223023</value>
          </Data>
          <Data name="経度">
            <value>141.1454044</value>
          </Data>
          <Data name="説明">
            <value>盛岡市学校給食センター付近で幼獣１頭を目撃。付近を移動している。
 （同一個体）</value>
          </Data>
        </ExtendedData>
        <Point>
          <coordinates>
            141.1454044,39.67223023,0
          </coordinates>
        </Point>
      </Placemark>
      <Placemark>
        <name>令和8年7月9日(羽場17地割)</name>
        <description><![CDATA[出没区分: 01 目撃<br>名前: 令和8年7月9日<br>出没時間: 12:15<br>成獣/幼獣: 不明<br>頭数: １頭<br>発生地域: 羽場17地割<br>緯度: 39.65493968<br>経度: 141.110621<br>説明: 用水路でクマ１頭を目撃。（移動方向不明）]]></description>
        <styleUrl>#icon-1759-FFEA00</styleUrl>
        <ExtendedData>
          <Data name="出没区分">
            <value>01 目撃</value>
          </Data>
          <Data name="名前">
            <value>令和8年7月9日</value>
          </Data>
          <Data name="出没時間">
            <value>12:15</value>
          </Data>
          <Data name="成獣/幼獣">
            <value>不明</value>
          </Data>
          <Data name="頭数">
            <value>１頭</value>
          </Data>
          <Data name="発生地域">
            <value>羽場17地割</value>
          </Data>
          <Data name="緯度">
            <value>39.65493968</value>
          </Data>
          <Data name="経度">
            <value>141.110621</value>
          </Data>
          <Data name="説明">
            <value>用水路でクマ１頭を目撃。（移動方向不明）</value>
          </Data>
        </ExtendedData>
        <Point>
          <coordinates>
            141.110621,39.65493968,0
          </coordinates>
        </Point>
      </Placemark>
      <Placemark>
        <name>令和8年7月9日(繋字山根)</name>
        <description><![CDATA[出没区分: 01 目撃<br>名前: 令和8年7月9日<br>出没時間: 13:30<br>成獣/幼獣: 不明<br>頭数: １頭<br>発生地域: 繋字山根<br>緯度: 39.69450061<br>経度: 141.0296084<br>説明: 雫石川を泳ぐクマ１頭を目撃。（移動方向不明）]]></description>
        <styleUrl>#icon-1759-FFEA00</styleUrl>
        <ExtendedData>
          <Data name="出没区分">
            <value>01 目撃</value>
          </Data>
          <Data name="名前">
            <value>令和8年7月9日</value>
          </Data>
          <Data name="出没時間">
            <value>13:30</value>
          </Data>
          <Data name="成獣/幼獣">
            <value>不明</value>
          </Data>
          <Data name="頭数">
            <value>１頭</value>
          </Data>
          <Data name="発生地域">
            <value>繋字山根</value>
          </Data>
          <Data name="緯度">
            <value>39.69450061</value>
          </Data>
          <Data name="経度">
            <value>141.0296084</value>
          </Data>
          <Data name="説明">
            <value>雫石川を泳ぐクマ１頭を目撃。（移動方向不明）</value>
          </Data>
        </ExtendedData>
        <Point>
          <coordinates>
            141.0296084,39.69450061,0
          </coordinates>
        </Point>
      </Placemark>
      <Placemark>
        <name>令和8年7月9日(猪去畑中)</name>
        <description><![CDATA[出没区分: 01 目撃<br>名前: 令和8年7月9日<br>出没時間: 15:05<br>成獣/幼獣: 不明<br>頭数: １頭<br>発生地域: 猪去畑中<br>緯度: 39.67960792<br>経度: 141.0681071<br>説明: 農道でクマ１頭を目撃。南に向かって移動していった。]]></description>
        <styleUrl>#icon-1759-FFEA00</styleUrl>
        <ExtendedData>
          <Data name="出没区分">
            <value>01 目撃</value>
          </Data>
          <Data name="名前">
            <value>令和8年7月9日</value>
          </Data>
          <Data name="出没時間">
            <value>15:05</value>
          </Data>
          <Data name="成獣/幼獣">
            <value>不明</value>
          </Data>
          <Data name="頭数">
            <value>１頭</value>
          </Data>
          <Data name="発生地域">
            <value>猪去畑中</value>
          </Data>
          <Data name="緯度">
            <value>39.67960792</value>
          </Data>
          <Data name="経度">
            <value>141.0681071</value>
          </Data>
          <Data name="説明">
            <value>農道でクマ１頭を目撃。南に向かって移動していった。</value>
          </Data>
        </ExtendedData>
        <Point>
          <coordinates>
            141.0681071,39.67960792,0
          </coordinates>
        </Point>
      </Placemark>
      <Placemark>
        <name>令和8年7月9日(猪去田面野木)</name>
        <description><![CDATA[出没区分: 01 目撃<br>名前: 令和8年7月9日<br>出没時間: 15:50<br>成獣/幼獣: 成獣<br>頭数: １頭<br>発生地域: 猪去田面野木<br>緯度: 39.68392738<br>経度: 141.0628936<br>説明: 住宅周辺でクマ１頭を目撃。（移動方向不明）]]></description>
        <styleUrl>#icon-1759-FFEA00</styleUrl>
        <ExtendedData>
          <Data name="出没区分">
            <value>01 目撃</value>
          </Data>
          <Data name="名前">
            <value>令和8年7月9日</value>
          </Data>
          <Data name="出没時間">
            <value>15:50</value>
          </Data>
          <Data name="成獣/幼獣">
            <value>成獣</value>
          </Data>
          <Data name="頭数">
            <value>１頭</value>
          </Data>
          <Data name="発生地域">
            <value>猪去田面野木</value>
          </Data>
          <Data name="緯度">
            <value>39.68392738</value>
          </Data>
          <Data name="経度">
            <value>141.0628936</value>
          </Data>
          <Data name="説明">
            <value>住宅周辺でクマ１頭を目撃。（移動方向不明）</value>
          </Data>
        </ExtendedData>
        <Point>
          <coordinates>
            141.0628936,39.68392738,0
          </coordinates>
        </Point>
      </Placemark>
      <Placemark>
        <name>令和8年7月9日(南仙北二丁目)</name>
        <description><![CDATA[出没区分: 01 目撃<br>名前: 令和8年7月9日<br>出没時間: 16:20<br>成獣/幼獣: 幼獣<br>頭数: １頭<br>発生地域: 南仙北二丁目<br>緯度: 39.67487139<br>経度: 141.1487247<br>説明: コンビニエンスストア周辺で幼獣１頭を目撃。西（向中野方向）に向かって移動していった。]]></description>
        <styleUrl>#icon-1759-FFEA00</styleUrl>
        <ExtendedData>
          <Data name="出没区分">
            <value>01 目撃</value>
          </Data>
          <Data name="名前">
            <value>令和8年7月9日</value>
          </Data>
          <Data name="出没時間">
            <value>16:20</value>
          </Data>
          <Data name="成獣/幼獣">
            <value>幼獣</value>
          </Data>
          <Data name="頭数">
            <value>１頭</value>
          </Data>
          <Data name="発生地域">
            <value>南仙北二丁目</value>
          </Data>
          <Data name="緯度">
            <value>39.67487139</value>
          </Data>
          <Data name="経度">
            <value>141.1487247</value>
          </Data>
          <Data name="説明">
            <value>コンビニエンスストア周辺で幼獣１頭を目撃。西（向中野方向）に向かって移動していった。</value>
          </Data>
        </ExtendedData>
        <Point>
          <coordinates>
            141.1487247,39.67487139,0
          </coordinates>
        </Point>
      </Placemark>
      <Placemark>
        <name>令和8年7月9日(津志田26地割)</name>
        <description><![CDATA[出没区分: 01 目撃<br>名前: 令和8年7月9日<br>出没時間: 16:45<br>成獣/幼獣: 幼獣<br>頭数: １頭<br>発生地域: 津志田26地割<br>緯度: 39.67137491<br>経度: 141.1578599<br>説明: 住宅地内で幼獣１頭を目撃。東に向かって移動していった。（同一個体）]]></description>
        <styleUrl>#icon-1759-FFEA00</styleUrl>
        <ExtendedData>
          <Data name="出没区分">
            <value>01 目撃</value>
          </Data>
          <Data name="名前">
            <value>令和8年7月9日</value>
          </Data>
          <Data name="出没時間">
            <value>16:45</value>
          </Data>
          <Data name="成獣/幼獣">
            <value>幼獣</value>
          </Data>
          <Data name="頭数">
            <value>１頭</value>
          </Data>
          <Data name="発生地域">
            <value>津志田26地割</value>
          </Data>
          <Data name="緯度">
            <value>39.67137491</value>
          </Data>
          <Data name="経度">
            <value>141.1578599</value>
          </Data>
          <Data name="説明">
            <value>住宅地内で幼獣１頭を目撃。東に向かって移動していった。（同一個体）</value>
          </Data>
        </ExtendedData>
        <Point>
          <coordinates>
            141.1578599,39.67137491,0
          </coordinates>
        </Point>
      </Placemark>
      <Placemark>
        <name>令和8年7月9日(門一丁目)</name>
        <description><![CDATA[出没区分: 01 目撃<br>名前: 令和8年7月9日<br>出没時間: 17:22<br>成獣/幼獣: 幼獣<br>頭数: １頭<br>発生地域: 門一丁目<br>緯度: 39.67359513<br>経度: 141.1669105<br>説明: 幼獣１頭が北上川を西から東に渡っている。その後、門一丁目の住宅地を東に向かって横断し、藪の奥に移動していった。（同一個体）]]></description>
        <styleUrl>#icon-1759-FFEA00</styleUrl>
        <ExtendedData>
          <Data name="出没区分">
            <value>01 目撃</value>
          </Data>
          <Data name="名前">
            <value>令和8年7月9日</value>
          </Data>
          <Data name="出没時間">
            <value>17:22</value>
          </Data>
          <Data name="成獣/幼獣">
            <value>幼獣</value>
          </Data>
          <Data name="頭数">
            <value>１頭</value>
          </Data>
          <Data name="発生地域">
            <value>門一丁目</value>
          </Data>
          <Data name="緯度">
            <value>39.67359513</value>
          </Data>
          <Data name="経度">
            <value>141.1669105</value>
          </Data>
          <Data name="説明">
            <value>幼獣１頭が北上川を西から東に渡っている。その後、門一丁目の住宅地を東に向かって横断し、藪の奥に移動していった。（同一個体）</value>
          </Data>
        </ExtendedData>
        <Point>
          <coordinates>
            141.1669105,39.67359513,0
          </coordinates>
        </Point>
      </Placemark>
      <Placemark>
        <name>令和8年7月10日(東黒石野三丁目)</name>
        <description><![CDATA[出没区分: 01 目撃<br>名前: 令和8年7月10日<br>出没時間: 14:30<br>成獣/幼獣: 成獣<br>頭数: １頭<br>発生地域: 東黒石野三丁目<br>緯度: 39.74619898<br>経度: 141.1592321<br>説明: 小鹿公園のトイレ付近で成獣１頭を目撃。南に向かって移動していった。]]></description>
        <styleUrl>#icon-1759-FFEA00</styleUrl>
        <ExtendedData>
          <Data name="出没区分">
            <value>01 目撃</value>
          </Data>
          <Data name="名前">
            <value>令和8年7月10日</value>
          </Data>
          <Data name="出没時間">
            <value>14:30</value>
          </Data>
          <Data name="成獣/幼獣">
            <value>成獣</value>
          </Data>
          <Data name="頭数">
            <value>１頭</value>
          </Data>
          <Data name="発生地域">
            <value>東黒石野三丁目</value>
          </Data>
          <Data name="緯度">
            <value>39.74619898</value>
          </Data>
          <Data name="経度">
            <value>141.1592321</value>
          </Data>
          <Data name="説明">
            <value>小鹿公園のトイレ付近で成獣１頭を目撃。南に向かって移動していった。</value>
          </Data>
        </ExtendedData>
        <Point>
          <coordinates>
            141.1592321,39.74619898,0
          </coordinates>
        </Point>
      </Placemark>
      <Placemark>
        <name>令和8年7月10日(繋字山根)</name>
        <description><![CDATA[出没区分: 01 目撃<br>名前: 令和8年7月10日<br>出没時間: 15:30<br>成獣/幼獣: 幼獣<br>頭数: １頭<br>発生地域: 繋字山根<br>緯度: 39.69483809<br>経度: 141.0286789<br>説明: 御所ダム周辺で幼獣１頭を目撃。北西の山林に向かって移動していった。]]></description>
        <styleUrl>#icon-1759-FFEA00</styleUrl>
        <ExtendedData>
          <Data name="出没区分">
            <value>01 目撃</value>
          </Data>
          <Data name="名前">
            <value>令和8年7月10日</value>
          </Data>
          <Data name="出没時間">
            <value>15:30</value>
          </Data>
          <Data name="成獣/幼獣">
            <value>幼獣</value>
          </Data>
          <Data name="頭数">
            <value>１頭</value>
          </Data>
          <Data name="発生地域">
            <value>繋字山根</value>
          </Data>
          <Data name="緯度">
            <value>39.69483809</value>
          </Data>
          <Data name="経度">
            <value>141.0286789</value>
          </Data>
          <Data name="説明">
            <value>御所ダム周辺で幼獣１頭を目撃。北西の山林に向かって移動していった。</value>
          </Data>
        </ExtendedData>
        <Point>
          <coordinates>
            141.0286789,39.69483809,0
          </coordinates>
        </Point>
      </Placemark>
      <Placemark>
        <name>令和8年7月11日(黒川23地割)</name>
        <description><![CDATA[出没区分: 01 目撃<br>名前: 令和8年7月11日<br>出没時間: 12:35<br>成獣/幼獣: 不明<br>頭数: １頭<br>発生地域: 黒川23地割<br>緯度: 39.62281281<br>経度: 141.1882654<br>説明: 住宅周辺でクマ１頭を目撃。東に向かって移動していった。]]></description>
        <styleUrl>#icon-1759-FFEA00</styleUrl>
        <ExtendedData>
          <Data name="出没区分">
            <value>01 目撃</value>
          </Data>
          <Data name="名前">
            <value>令和8年7月11日</value>
          </Data>
          <Data name="出没時間">
            <value>12:35</value>
          </Data>
          <Data name="成獣/幼獣">
            <value>不明</value>
          </Data>
          <Data name="頭数">
            <value>１頭</value>
          </Data>
          <Data name="発生地域">
            <value>黒川23地割</value>
          </Data>
          <Data name="緯度">
            <value>39.62281281</value>
          </Data>
          <Data name="経度">
            <value>141.1882654</value>
          </Data>
          <Data name="説明">
            <value>住宅周辺でクマ１頭を目撃。東に向かって移動していった。</value>
          </Data>
        </ExtendedData>
        <Point>
          <coordinates>
            141.1882654,39.62281281,0
          </coordinates>
        </Point>
      </Placemark>
      <Placemark>
        <name>令和8年7月14日(山岸六丁目)</name>
        <description><![CDATA[出没区分: 01 目撃<br>名前: 令和8年7月14日<br>出没時間: 6:15<br>成獣/幼獣: 幼獣<br>頭数: １頭<br>発生地域: 山岸六丁目<br>緯度: 39.72425902<br>経度: 141.1733411<br>説明: 住宅地周辺で幼獣１頭を目撃。東の山林に向かって移動していった。]]></description>
        <styleUrl>#icon-1759-FFEA00</styleUrl>
        <ExtendedData>
          <Data name="出没区分">
            <value>01 目撃</value>
          </Data>
          <Data name="名前">
            <value>令和8年7月14日</value>
          </Data>
          <Data name="出没時間">
            <value>6:15</value>
          </Data>
          <Data name="成獣/幼獣">
            <value>幼獣</value>
          </Data>
          <Data name="頭数">
            <value>１頭</value>
          </Data>
          <Data name="発生地域">
            <value>山岸六丁目</value>
          </Data>
          <Data name="緯度">
            <value>39.72425902</value>
          </Data>
          <Data name="経度">
            <value>141.1733411</value>
          </Data>
          <Data name="説明">
            <value>住宅地周辺で幼獣１頭を目撃。東の山林に向かって移動していった。</value>
          </Data>
        </ExtendedData>
        <Point>
          <coordinates>
            141.1733411,39.72425902,0
          </coordinates>
        </Point>
      </Placemark>
      <Placemark>
        <name>令和8年7月14日(東緑が丘)</name>
        <description><![CDATA[出没区分: 01 目撃<br>名前: 令和8年7月14日<br>出没時間: 7:37<br>成獣/幼獣: 成獣<br>頭数: １頭<br>発生地域: 東緑が丘<br>緯度: 39.73198726<br>経度: 141.1530487<br>説明: 住宅地内で成獣１頭を目撃。（移動方向不明）]]></description>
        <styleUrl>#icon-1759-FFEA00</styleUrl>
        <ExtendedData>
          <Data name="出没区分">
            <value>01 目撃</value>
          </Data>
          <Data name="名前">
            <value>令和8年7月14日</value>
          </Data>
          <Data name="出没時間">
            <value>7:37</value>
          </Data>
          <Data name="成獣/幼獣">
            <value>成獣</value>
          </Data>
          <Data name="頭数">
            <value>１頭</value>
          </Data>
          <Data name="発生地域">
            <value>東緑が丘</value>
          </Data>
          <Data name="緯度">
            <value>39.73198726</value>
          </Data>
          <Data name="経度">
            <value>141.1530487</value>
          </Data>
          <Data name="説明">
            <value>住宅地内で成獣１頭を目撃。（移動方向不明）</value>
          </Data>
        </ExtendedData>
        <Point>
          <coordinates>
            141.1530487,39.73198726,0
          </coordinates>
        </Point>
      </Placemark>
      <Placemark>
        <name>令和8年7月15日(下米内字馬場野)</name>
        <description><![CDATA[出没区分: 01 目撃<br>名前: 令和8年7月15日<br>出没時間: 7:00<br>成獣/幼獣: 不明<br>頭数: １頭<br>発生地域: 下米内字馬場野<br>緯度: 39.72108307<br>経度: 141.1857245<br>説明: 上米内湯沢線でクマ１頭を目撃。（移動方向不明）]]></description>
        <styleUrl>#icon-1759-FFEA00</styleUrl>
        <ExtendedData>
          <Data name="出没区分">
            <value>01 目撃</value>
          </Data>
          <Data name="名前">
            <value>令和8年7月15日</value>
          </Data>
          <Data name="出没時間">
            <value>7:00</value>
          </Data>
          <Data name="成獣/幼獣">
            <value>不明</value>
          </Data>
          <Data name="頭数">
            <value>１頭</value>
          </Data>
          <Data name="発生地域">
            <value>下米内字馬場野</value>
          </Data>
          <Data name="緯度">
            <value>39.72108307</value>
          </Data>
          <Data name="経度">
            <value>141.1857245</value>
          </Data>
          <Data name="説明">
            <value>上米内湯沢線でクマ１頭を目撃。（移動方向不明）</value>
          </Data>
        </ExtendedData>
        <Point>
          <coordinates>
            141.1857245,39.72108307,0
          </coordinates>
        </Point>
      </Placemark>
      <Placemark>
        <name>令和8年7月15日(三ツ割字櫃石)</name>
        <description><![CDATA[出没区分: 01 目撃<br>名前: 令和8年7月15日<br>出没時間: 9:10<br>成獣/幼獣: 成獣<br>頭数: １頭<br>発生地域: 三ツ割字櫃石<br>緯度: 39.73533469<br>経度: 141.1640445<br>説明: 草地で成獣１頭を目撃。（移動方向不明）]]></description>
        <styleUrl>#icon-1759-FFEA00</styleUrl>
        <ExtendedData>
          <Data name="出没区分">
            <value>01 目撃</value>
          </Data>
          <Data name="名前">
            <value>令和8年7月15日</value>
          </Data>
          <Data name="出没時間">
            <value>9:10</value>
          </Data>
          <Data name="成獣/幼獣">
            <value>成獣</value>
          </Data>
          <Data name="頭数">
            <value>１頭</value>
          </Data>
          <Data name="発生地域">
            <value>三ツ割字櫃石</value>
          </Data>
          <Data name="緯度">
            <value>39.73533469</value>
          </Data>
          <Data name="経度">
            <value>141.1640445</value>
          </Data>
          <Data name="説明">
            <value>草地で成獣１頭を目撃。（移動方向不明）</value>
          </Data>
        </ExtendedData>
        <Point>
          <coordinates>
            141.1640445,39.73533469,0
          </coordinates>
        </Point>
      </Placemark>
      <Placemark>
        <name>令和8年7月15日(玉山字白沢)</name>
        <description><![CDATA[出没区分: 01 目撃<br>名前: 令和8年7月15日<br>出没時間: 10:00<br>成獣/幼獣: 成獣<br>頭数: 1頭<br>発生地域: 玉山字白沢<br>緯度: 39.813786<br>経度: 141.183583<br>説明: 住宅の裏で成獣１頭を目撃。濁川方面から西側の山に向かって移動していった。]]></description>
        <styleUrl>#icon-1759-FFEA00</styleUrl>
        <ExtendedData>
          <Data name="出没区分">
            <value>01 目撃</value>
          </Data>
          <Data name="名前">
            <value>令和8年7月15日</value>
          </Data>
          <Data name="出没時間">
            <value>10:00</value>
          </Data>
          <Data name="成獣/幼獣">
            <value>成獣</value>
          </Data>
          <Data name="頭数">
            <value>1頭</value>
          </Data>
          <Data name="発生地域">
            <value>玉山字白沢</value>
          </Data>
          <Data name="緯度">
            <value>39.813786</value>
          </Data>
          <Data name="経度">
            <value>141.183583</value>
          </Data>
          <Data name="説明">
            <value>住宅の裏で成獣１頭を目撃。濁川方面から西側の山に向かって移動していった。</value>
          </Data>
        </ExtendedData>
        <Point>
          <coordinates>
            141.183583,39.813786,0
          </coordinates>
        </Point>
      </Placemark>
      <Placemark>
        <name>令和8年7月15日(下太田下川原)</name>
        <description><![CDATA[出没区分: 01 目撃<br>名前: 令和8年7月15日<br>出没時間: 16:15<br>成獣/幼獣: 成獣<br>頭数: １頭<br>発生地域: 下太田下川原<br>緯度: 39.70039235<br>経度: 141.1211437<br>説明: 太田橋の袂付近の畑で成獣１頭を目撃。（移動方向不明）]]></description>
        <styleUrl>#icon-1759-FFEA00</styleUrl>
        <ExtendedData>
          <Data name="出没区分">
            <value>01 目撃</value>
          </Data>
          <Data name="名前">
            <value>令和8年7月15日</value>
          </Data>
          <Data name="出没時間">
            <value>16:15</value>
          </Data>
          <Data name="成獣/幼獣">
            <value>成獣</value>
          </Data>
          <Data name="頭数">
            <value>１頭</value>
          </Data>
          <Data name="発生地域">
            <value>下太田下川原</value>
          </Data>
          <Data name="緯度">
            <value>39.70039235</value>
          </Data>
          <Data name="経度">
            <value>141.1211437</value>
          </Data>
          <Data name="説明">
            <value>太田橋の袂付近の畑で成獣１頭を目撃。（移動方向不明）</value>
          </Data>
        </ExtendedData>
        <Point>
          <coordinates>
            141.1211437,39.70039235,0
          </coordinates>
        </Point>
      </Placemark>
      <Placemark>
        <name>令和8年7月15日(手代森３地割)</name>
        <description><![CDATA[出没区分: 01 目撃<br>名前: 令和8年7月15日<br>出没時間: 16:30<br>成獣/幼獣: 成獣<br>頭数: １頭<br>発生地域: 手代森３地割<br>緯度: 39.66825243<br>経度: 141.2085478<br>説明: 県道36号線で道路を横断する成獣１頭を目撃。東に向かって移動していった。]]></description>
        <styleUrl>#icon-1759-FFEA00</styleUrl>
        <ExtendedData>
          <Data name="出没区分">
            <value>01 目撃</value>
          </Data>
          <Data name="名前">
            <value>令和8年7月15日</value>
          </Data>
          <Data name="出没時間">
            <value>16:30</value>
          </Data>
          <Data name="成獣/幼獣">
            <value>成獣</value>
          </Data>
          <Data name="頭数">
            <value>１頭</value>
          </Data>
          <Data name="発生地域">
            <value>手代森３地割</value>
          </Data>
          <Data name="緯度">
            <value>39.66825243</value>
          </Data>
          <Data name="経度">
            <value>141.2085478</value>
          </Data>
          <Data name="説明">
            <value>県道36号線で道路を横断する成獣１頭を目撃。東に向かって移動していった。</value>
          </Data>
        </ExtendedData>
        <Point>
          <coordinates>
            141.2085478,39.66825243,0
          </coordinates>
        </Point>
      </Placemark>
      <Placemark>
        <name>令和8年7月15日(玉山馬場字川久保)</name>
        <description><![CDATA[出没区分: 01 目撃<br>名前: 令和8年7月15日<br>出没時間: 18:00<br>成獣/幼獣: 成獣<br> 幼獣<br>頭数: 1頭<br> １頭<br>発生地域: 玉山馬場字川久保<br>緯度: 39.875056<br>経度: 141.272016<br>説明: 上川久保集落に入るところの峠で親子グマ２頭を目撃。大神川の下流に向かって移動していった。]]></description>
        <styleUrl>#icon-1759-FFEA00</styleUrl>
        <ExtendedData>
          <Data name="出没区分">
            <value>01 目撃</value>
          </Data>
          <Data name="名前">
            <value>令和8年7月15日</value>
          </Data>
          <Data name="出没時間">
            <value>18:00</value>
          </Data>
          <Data name="成獣/幼獣">
            <value>成獣
 幼獣</value>
          </Data>
          <Data name="頭数">
            <value>1頭
 １頭</value>
          </Data>
          <Data name="発生地域">
            <value>玉山馬場字川久保</value>
          </Data>
          <Data name="緯度">
            <value>39.875056</value>
          </Data>
          <Data name="経度">
            <value>141.272016</value>
          </Data>
          <Data name="説明">
            <value>上川久保集落に入るところの峠で親子グマ２頭を目撃。大神川の下流に向かって移動していった。</value>
          </Data>
        </ExtendedData>
        <Point>
          <coordinates>
            141.272016,39.875056,0
          </coordinates>
        </Point>
      </Placemark>
      <Placemark>
        <name>令和8年7月15日(黒石野三丁目)</name>
        <description><![CDATA[出没区分: 01 目撃<br>名前: 令和8年7月15日<br>出没時間: 22:30<br>成獣/幼獣: 幼獣<br>頭数: １頭<br>発生地域: 黒石野三丁目<br>緯度: 39.74757688<br>経度: 141.1586361<br>説明: 住宅地内で幼獣１頭を目撃。（移動方向不明）]]></description>
        <styleUrl>#icon-1759-FFEA00</styleUrl>
        <ExtendedData>
          <Data name="出没区分">
            <value>01 目撃</value>
          </Data>
          <Data name="名前">
            <value>令和8年7月15日</value>
          </Data>
          <Data name="出没時間">
            <value>22:30</value>
          </Data>
          <Data name="成獣/幼獣">
            <value>幼獣</value>
          </Data>
          <Data name="頭数">
            <value>１頭</value>
          </Data>
          <Data name="発生地域">
            <value>黒石野三丁目</value>
          </Data>
          <Data name="緯度">
            <value>39.74757688</value>
          </Data>
          <Data name="経度">
            <value>141.1586361</value>
          </Data>
          <Data name="説明">
            <value>住宅地内で幼獣１頭を目撃。（移動方向不明）</value>
          </Data>
        </ExtendedData>
        <Point>
          <coordinates>
            141.1586361,39.74757688,0
          </coordinates>
        </Point>
      </Placemark>
      <Placemark>
        <name>令和8年7月16日(乙部9地割)</name>
        <description><![CDATA[出没区分: 01 目撃<br>名前: 令和8年7月16日<br>出没時間: 5:45<br>成獣/幼獣: 不明<br>頭数: １頭<br>発生地域: 乙部9地割<br>緯度: 39.61702185<br>経度: 141.2040661<br>説明: ほ場でクマ１頭を目撃。（移動方向不明）]]></description>
        <styleUrl>#icon-1759-FFEA00</styleUrl>
        <ExtendedData>
          <Data name="出没区分">
            <value>01 目撃</value>
          </Data>
          <Data name="名前">
            <value>令和8年7月16日</value>
          </Data>
          <Data name="出没時間">
            <value>5:45</value>
          </Data>
          <Data name="成獣/幼獣">
            <value>不明</value>
          </Data>
          <Data name="頭数">
            <value>１頭</value>
          </Data>
          <Data name="発生地域">
            <value>乙部9地割</value>
          </Data>
          <Data name="緯度">
            <value>39.61702185</value>
          </Data>
          <Data name="経度">
            <value>141.2040661</value>
          </Data>
          <Data name="説明">
            <value>ほ場でクマ１頭を目撃。（移動方向不明）</value>
          </Data>
        </ExtendedData>
        <Point>
          <coordinates>
            141.2040661,39.61702185,0
          </coordinates>
        </Point>
      </Placemark>
      <Placemark>
        <name>令和8年7月17日(下米内字一本松)</name>
        <description><![CDATA[出没区分: 01 目撃<br>名前: 令和8年7月17日<br>出没時間: 10:50<br>成獣/幼獣: 不明<br>頭数: １頭<br>発生地域: 下米内字一本松<br>緯度: 39.71719341<br>経度: 141.1834535<br>説明: 県道36号線でクマ１頭を目撃。（移動方向不明）]]></description>
        <styleUrl>#icon-1759-FFEA00</styleUrl>
        <ExtendedData>
          <Data name="出没区分">
            <value>01 目撃</value>
          </Data>
          <Data name="名前">
            <value>令和8年7月17日</value>
          </Data>
          <Data name="出没時間">
            <value>10:50</value>
          </Data>
          <Data name="成獣/幼獣">
            <value>不明</value>
          </Data>
          <Data name="頭数">
            <value>１頭</value>
          </Data>
          <Data name="発生地域">
            <value>下米内字一本松</value>
          </Data>
          <Data name="緯度">
            <value>39.71719341</value>
          </Data>
          <Data name="経度">
            <value>141.1834535</value>
          </Data>
          <Data name="説明">
            <value>県道36号線でクマ１頭を目撃。（移動方向不明）</value>
          </Data>
        </ExtendedData>
        <Point>
          <coordinates>
            141.1834535,39.71719341,0
          </coordinates>
        </Point>
      </Placemark>
      <Placemark>
        <name>令和8年7月18日(緑が丘三丁目)</name>
        <description><![CDATA[出没区分: 01 目撃<br>名前: 令和8年7月18日<br>出没時間: 21:15<br>成獣/幼獣: 成獣<br> 幼獣<br>頭数: １頭<br> １頭<br>発生地域: 緑が丘三丁目<br>緯度: 39.73711319<br>経度: 141.1475507<br>説明: 黒石野平児童公園で親子グマ２頭を目撃。西に向かって移動していった。]]></description>
        <styleUrl>#icon-1759-FFEA00</styleUrl>
        <ExtendedData>
          <Data name="出没区分">
            <value>01 目撃</value>
          </Data>
          <Data name="名前">
            <value>令和8年7月18日</value>
          </Data>
          <Data name="出没時間">
            <value>21:15</value>
          </Data>
          <Data name="成獣/幼獣">
            <value>成獣
 幼獣</value>
          </Data>
          <Data name="頭数">
            <value>１頭
 １頭</value>
          </Data>
          <Data name="発生地域">
            <value>緑が丘三丁目</value>
          </Data>
          <Data name="緯度">
            <value>39.73711319</value>
          </Data>
          <Data name="経度">
            <value>141.1475507</value>
          </Data>
          <Data name="説明">
            <value>黒石野平児童公園で親子グマ２頭を目撃。西に向かって移動していった。</value>
          </Data>
        </ExtendedData>
        <Point>
          <coordinates>
            141.1475507,39.73711319,0
          </coordinates>
        </Point>
      </Placemark>
      <Placemark>
        <name>令和8年7月19日(青山四丁目)</name>
        <description><![CDATA[出没区分: 01 目撃<br>名前: 令和8年7月19日<br>出没時間: 3:25<br>成獣/幼獣: 不明<br>頭数: １頭<br>発生地域: 青山四丁目<br>緯度: 39.7330885<br>経度: 141.1184532<br>説明: 岩手県営交通公園でクマ１頭を目撃。（移動方向不明）]]></description>
        <styleUrl>#icon-1759-FFEA00</styleUrl>
        <ExtendedData>
          <Data name="出没区分">
            <value>01 目撃</value>
          </Data>
          <Data name="名前">
            <value>令和8年7月19日</value>
          </Data>
          <Data name="出没時間">
            <value>3:25</value>
          </Data>
          <Data name="成獣/幼獣">
            <value>不明</value>
          </Data>
          <Data name="頭数">
            <value>１頭</value>
          </Data>
          <Data name="発生地域">
            <value>青山四丁目</value>
          </Data>
          <Data name="緯度">
            <value>39.7330885</value>
          </Data>
          <Data name="経度">
            <value>141.1184532</value>
          </Data>
          <Data name="説明">
            <value>岩手県営交通公園でクマ１頭を目撃。（移動方向不明）</value>
          </Data>
        </ExtendedData>
        <Point>
          <coordinates>
            141.1184532,39.7330885,0
          </coordinates>
        </Point>
      </Placemark>
      <Placemark>
        <name>令和8年7月19日(上米内字米内沢)</name>
        <description><![CDATA[出没区分: 01 目撃<br>名前: 令和8年7月19日<br>出没時間: 17:25<br>成獣/幼獣: 不明<br>頭数: １頭<br>発生地域: 上米内字米内沢<br>緯度: 39.74727019<br>経度: 141.2064225<br>説明: 百目木橋付近でクマ１頭を目撃。（移動方向不明）]]></description>
        <styleUrl>#icon-1759-FFEA00</styleUrl>
        <ExtendedData>
          <Data name="出没区分">
            <value>01 目撃</value>
          </Data>
          <Data name="名前">
            <value>令和8年7月19日</value>
          </Data>
          <Data name="出没時間">
            <value>17:25</value>
          </Data>
          <Data name="成獣/幼獣">
            <value>不明</value>
          </Data>
          <Data name="頭数">
            <value>１頭</value>
          </Data>
          <Data name="発生地域">
            <value>上米内字米内沢</value>
          </Data>
          <Data name="緯度">
            <value>39.74727019</value>
          </Data>
          <Data name="経度">
            <value>141.2064225</value>
          </Data>
          <Data name="説明">
            <value>百目木橋付近でクマ１頭を目撃。（移動方向不明）</value>
          </Data>
        </ExtendedData>
        <Point>
          <coordinates>
            141.2064225,39.74727019,0
          </coordinates>
        </Point>
      </Placemark>
      <Placemark>
        <name>令和8年7月19日(上堂二丁目)</name>
        <description><![CDATA[出没区分: 01 目撃<br>名前: 令和8年7月19日<br>出没時間: 23:55<br>成獣/幼獣: 不明<br>頭数: １頭<br>発生地域: 上堂二丁目<br>緯度: 39.7289852<br>経度: 141.1248412<br>説明: 上堂交差点近くのコンビニエンスストア周辺でクマ１頭を目撃。東に向かって移動していった。]]></description>
        <styleUrl>#icon-1759-FFEA00</styleUrl>
        <ExtendedData>
          <Data name="出没区分">
            <value>01 目撃</value>
          </Data>
          <Data name="名前">
            <value>令和8年7月19日</value>
          </Data>
          <Data name="出没時間">
            <value>23:55</value>
          </Data>
          <Data name="成獣/幼獣">
            <value>不明</value>
          </Data>
          <Data name="頭数">
            <value>１頭</value>
          </Data>
          <Data name="発生地域">
            <value>上堂二丁目</value>
          </Data>
          <Data name="緯度">
            <value>39.7289852</value>
          </Data>
          <Data name="経度">
            <value>141.1248412</value>
          </Data>
          <Data name="説明">
            <value>上堂交差点近くのコンビニエンスストア周辺でクマ１頭を目撃。東に向かって移動していった。</value>
          </Data>
        </ExtendedData>
        <Point>
          <coordinates>
            141.1248412,39.7289852,0
          </coordinates>
        </Point>
      </Placemark>
      <Placemark>
        <name>令和8年7月22日(黒石野三丁目)</name>
        <description><![CDATA[出没区分: 01 目撃<br>名前: 令和8年7月22日<br>出没時間: 4:00<br>成獣/幼獣: 不明<br>頭数: 不明<br>発生地域: 黒石野三丁目<br>緯度: 39.7414032<br>経度: 141.1406175<br>説明: 黒石野中学校のプール付近の藪でクマを目撃。（頭数・移動方向不明等不明）]]></description>
        <styleUrl>#icon-1759-FFEA00</styleUrl>
        <ExtendedData>
          <Data name="出没区分">
            <value>01 目撃</value>
          </Data>
          <Data name="名前">
            <value>令和8年7月22日</value>
          </Data>
          <Data name="出没時間">
            <value>4:00</value>
          </Data>
          <Data name="成獣/幼獣">
            <value>不明</value>
          </Data>
          <Data name="頭数">
            <value>不明</value>
          </Data>
          <Data name="発生地域">
            <value>黒石野三丁目</value>
          </Data>
          <Data name="緯度">
            <value>39.7414032</value>
          </Data>
          <Data name="経度">
            <value>141.1406175</value>
          </Data>
          <Data name="説明">
            <value>黒石野中学校のプール付近の藪でクマを目撃。（頭数・移動方向不明等不明）</value>
          </Data>
        </ExtendedData>
        <Point>
          <coordinates>
            141.1406175,39.7414032,0
          </coordinates>
        </Point>
      </Placemark>
      <Placemark>
        <name>令和8年7月22日(手代森18地割)</name>
        <description><![CDATA[出没区分: 01 目撃<br>名前: 令和8年7月22日<br>出没時間: 17:45<br>成獣/幼獣: 成獣<br> 幼獣<br>頭数: 1頭<br> １頭<br>発生地域: 手代森18地割<br>緯度: 39.64487982<br>経度: 141.2204696<br>説明: 住宅敷地周辺で親子グマ２頭を目撃。北東に向かって移動していった。]]></description>
        <styleUrl>#icon-1759-FFEA00</styleUrl>
        <ExtendedData>
          <Data name="出没区分">
            <value>01 目撃</value>
          </Data>
          <Data name="名前">
            <value>令和8年7月22日</value>
          </Data>
          <Data name="出没時間">
            <value>17:45</value>
          </Data>
          <Data name="成獣/幼獣">
            <value>成獣
 幼獣</value>
          </Data>
          <Data name="頭数">
            <value>1頭
 １頭</value>
          </Data>
          <Data name="発生地域">
            <value>手代森18地割</value>
          </Data>
          <Data name="緯度">
            <value>39.64487982</value>
          </Data>
          <Data name="経度">
            <value>141.2204696</value>
          </Data>
          <Data name="説明">
            <value>住宅敷地周辺で親子グマ２頭を目撃。北東に向かって移動していった。</value>
          </Data>
        </ExtendedData>
        <Point>
          <coordinates>
            141.2204696,39.64487982,0
          </coordinates>
        </Point>
      </Placemark>
      <Placemark>
        <name>令和8年7月23日(上堂一丁目)</name>
        <description><![CDATA[出没区分: 01 目撃<br>名前: 令和8年7月23日<br>出没時間: 22:50<br>成獣/幼獣: 不明<br>頭数: １頭<br>発生地域: 上堂一丁目<br>緯度: 39.72373011<br>経度: 141.1279589<br>説明: 商業施設の駐車場付近の藪でクマ１頭を目撃。北上川沿いを北に向かって移動していった。]]></description>
        <styleUrl>#icon-1759-FFEA00</styleUrl>
        <ExtendedData>
          <Data name="出没区分">
            <value>01 目撃</value>
          </Data>
          <Data name="名前">
            <value>令和8年7月23日</value>
          </Data>
          <Data name="出没時間">
            <value>22:50</value>
          </Data>
          <Data name="成獣/幼獣">
            <value>不明</value>
          </Data>
          <Data name="頭数">
            <value>１頭</value>
          </Data>
          <Data name="発生地域">
            <value>上堂一丁目</value>
          </Data>
          <Data name="緯度">
            <value>39.72373011</value>
          </Data>
          <Data name="経度">
            <value>141.1279589</value>
          </Data>
          <Data name="説明">
            <value>商業施設の駐車場付近の藪でクマ１頭を目撃。北上川沿いを北に向かって移動していった。</value>
          </Data>
        </ExtendedData>
        <Point>
          <coordinates>
            141.1279589,39.72373011,0
          </coordinates>
        </Point>
      </Placemark>
      <Placemark>
        <name>令和8年7月24日(上田字松屋敷)</name>
        <description><![CDATA[出没区分: 01 目撃<br>名前: 令和8年7月24日<br>出没時間: 0:15<br>成獣/幼獣: 不明<br>頭数: １頭<br>発生地域: 上田字松屋敷<br>緯度: 39.75791172<br>経度: 141.1526505<br>説明: 盛岡少年刑務所付近の藪でクマ１頭を目撃。（移動方向不明）]]></description>
        <styleUrl>#icon-1759-FFEA00</styleUrl>
        <ExtendedData>
          <Data name="出没区分">
            <value>01 目撃</value>
          </Data>
          <Data name="名前">
            <value>令和8年7月24日</value>
          </Data>
          <Data name="出没時間">
            <value>0:15</value>
          </Data>
          <Data name="成獣/幼獣">
            <value>不明</value>
          </Data>
          <Data name="頭数">
            <value>１頭</value>
          </Data>
          <Data name="発生地域">
            <value>上田字松屋敷</value>
          </Data>
          <Data name="緯度">
            <value>39.75791172</value>
          </Data>
          <Data name="経度">
            <value>141.1526505</value>
          </Data>
          <Data name="説明">
            <value>盛岡少年刑務所付近の藪でクマ１頭を目撃。（移動方向不明）</value>
          </Data>
        </ExtendedData>
        <Point>
          <coordinates>
            141.1526505,39.75791172,0
          </coordinates>
        </Point>
      </Placemark>
      <Placemark>
        <name>令和8年7月25日(上堂三丁目)</name>
        <description><![CDATA[出没区分: 01 目撃<br>名前: 令和8年7月25日<br>出没時間: 6:00<br>成獣/幼獣: 不明<br>頭数: １頭<br>発生地域: 上堂三丁目<br>緯度: 39.72798325<br>経度: 141.129483<br>説明: 住宅地内でクマ１頭を目撃。（移動方向不明）]]></description>
        <styleUrl>#icon-1759-FFEA00</styleUrl>
        <ExtendedData>
          <Data name="出没区分">
            <value>01 目撃</value>
          </Data>
          <Data name="名前">
            <value>令和8年7月25日</value>
          </Data>
          <Data name="出没時間">
            <value>6:00</value>
          </Data>
          <Data name="成獣/幼獣">
            <value>不明</value>
          </Data>
          <Data name="頭数">
            <value>１頭</value>
          </Data>
          <Data name="発生地域">
            <value>上堂三丁目</value>
          </Data>
          <Data name="緯度">
            <value>39.72798325</value>
          </Data>
          <Data name="経度">
            <value>141.129483</value>
          </Data>
          <Data name="説明">
            <value>住宅地内でクマ１頭を目撃。（移動方向不明）</value>
          </Data>
        </ExtendedData>
        <Point>
          <coordinates>
            141.129483,39.72798325,0
          </coordinates>
        </Point>
      </Placemark>
      <Placemark>
        <name>令和8年7月27日(上厨川字下川原)</name>
        <description><![CDATA[出没区分: 01 目撃<br>名前: 令和8年7月27日<br>出没時間: 20:10<br>成獣/幼獣: 幼獣<br>頭数: １頭<br>発生地域: 上厨川字下川原<br>緯度: 39.71226653<br>経度: 141.0923811<br>説明: 土淵児童センター付近で幼獣１頭を目撃。南に向かって移動していった。]]></description>
        <styleUrl>#icon-1759-FFEA00</styleUrl>
        <ExtendedData>
          <Data name="出没区分">
            <value>01 目撃</value>
          </Data>
          <Data name="名前">
            <value>令和8年7月27日</value>
          </Data>
          <Data name="出没時間">
            <value>20:10</value>
          </Data>
          <Data name="成獣/幼獣">
            <value>幼獣</value>
          </Data>
          <Data name="頭数">
            <value>１頭</value>
          </Data>
          <Data name="発生地域">
            <value>上厨川字下川原</value>
          </Data>
          <Data name="緯度">
            <value>39.71226653</value>
          </Data>
          <Data name="経度">
            <value>141.0923811</value>
          </Data>
          <Data name="説明">
            <value>土淵児童センター付近で幼獣１頭を目撃。南に向かって移動していった。</value>
          </Data>
        </ExtendedData>
        <Point>
          <coordinates>
            141.0923811,39.71226653,0
          </coordinates>
        </Point>
      </Placemark>
      <Placemark>
        <name>令和8年7月27日(高松二丁目)</name>
        <description><![CDATA[出没区分: 01 目撃<br>名前: 令和8年7月27日<br>出没時間: 21:00<br>成獣/幼獣: 成獣<br> 幼獣<br>頭数: ２頭<br> １頭<br>発生地域: 高松二丁目<br>緯度: 39.72486109<br>経度: 141.1360964<br>説明: 住宅地内でクマ３頭を目撃。西に向かって移動していった。]]></description>
        <styleUrl>#icon-1759-FFEA00</styleUrl>
        <ExtendedData>
          <Data name="出没区分">
            <value>01 目撃</value>
          </Data>
          <Data name="名前">
            <value>令和8年7月27日</value>
          </Data>
          <Data name="出没時間">
            <value>21:00</value>
          </Data>
          <Data name="成獣/幼獣">
            <value>成獣
 幼獣</value>
          </Data>
          <Data name="頭数">
            <value>２頭
 １頭</value>
          </Data>
          <Data name="発生地域">
            <value>高松二丁目</value>
          </Data>
          <Data name="緯度">
            <value>39.72486109</value>
          </Data>
          <Data name="経度">
            <value>141.1360964</value>
          </Data>
          <Data name="説明">
            <value>住宅地内でクマ３頭を目撃。西に向かって移動していった。</value>
          </Data>
        </ExtendedData>
        <Point>
          <coordinates>
            141.1360964,39.72486109,0
          </coordinates>
        </Point>
      </Placemark>
      <Placemark>
        <name>令和8年7月29日(浅岸三丁目)</name>
        <description><![CDATA[出没区分: 01 目撃<br>名前: 令和8年7月29日<br>出没時間: 8:40<br>成獣/幼獣: 幼獣<br>頭数: １頭<br>発生地域: 浅岸三丁目<br>緯度: 39.71006411<br>経度: 141.1848543<br>説明: 住宅近くの道路で子グマ１頭を目撃。東の藪に向かって移動していった。]]></description>
        <styleUrl>#icon-1759-FFEA00</styleUrl>
        <ExtendedData>
          <Data name="出没区分">
            <value>01 目撃</value>
          </Data>
          <Data name="名前">
            <value>令和8年7月29日</value>
          </Data>
          <Data name="出没時間">
            <value>8:40</value>
          </Data>
          <Data name="成獣/幼獣">
            <value>幼獣</value>
          </Data>
          <Data name="頭数">
            <value>１頭</value>
          </Data>
          <Data name="発生地域">
            <value>浅岸三丁目</value>
          </Data>
          <Data name="緯度">
            <value>39.71006411</value>
          </Data>
          <Data name="経度">
            <value>141.1848543</value>
          </Data>
          <Data name="説明">
            <value>住宅近くの道路で子グマ１頭を目撃。東の藪に向かって移動していった。</value>
          </Data>
        </ExtendedData>
        <Point>
          <coordinates>
            141.1848543,39.71006411,0
          </coordinates>
        </Point>
      </Placemark>
      <Placemark>
        <name>令和8年7月30日(黒川５地割)</name>
        <description><![CDATA[出没区分: 02 痕跡<br>名前: 令和8年7月30日<br>出没時間: 不明<br>成獣/幼獣: 不明<br>頭数: 不明<br>発生地域: 黒川５地割<br>緯度: 39.63827194<br>経度: 141.1908106<br>説明: 住宅地周辺のほ場でクマの痕跡を確認。]]></description>
        <styleUrl>#icon-1759-FFEA00</styleUrl>
        <ExtendedData>
          <Data name="出没区分">
            <value>02 痕跡</value>
          </Data>
          <Data name="名前">
            <value>令和8年7月30日</value>
          </Data>
          <Data name="出没時間">
            <value>不明</value>
          </Data>
          <Data name="成獣/幼獣">
            <value>不明</value>
          </Data>
          <Data name="頭数">
            <value>不明</value>
          </Data>
          <Data name="発生地域">
            <value>黒川５地割</value>
          </Data>
          <Data name="緯度">
            <value>39.63827194</value>
          </Data>
          <Data name="経度">
            <value>141.1908106</value>
          </Data>
          <Data name="説明">
            <value>住宅地周辺のほ場でクマの痕跡を確認。</value>
          </Data>
        </ExtendedData>
        <Point>
          <coordinates>
            141.1908106,39.63827194,0
          </coordinates>
        </Point>
      </Placemark>
      <Placemark>
        <name>令和8年7月30日(八幡町)</name>
        <description><![CDATA[出没区分: 01 目撃<br>名前: 令和8年7月30日<br>出没時間: 23:30<br>成獣/幼獣: 幼獣<br>頭数: １頭<br>発生地域: 八幡町<br>緯度: 39.69759538<br>経度: 141.1636325<br>説明: 盛岡八幡宮北鳥居付近で幼獣１頭を目撃。北に向かって移動していった]]></description>
        <styleUrl>#icon-1759-FFEA00</styleUrl>
        <ExtendedData>
          <Data name="出没区分">
            <value>01 目撃</value>
          </Data>
          <Data name="名前">
            <value>令和8年7月30日</value>
          </Data>
          <Data name="出没時間">
            <value>23:30</value>
          </Data>
          <Data name="成獣/幼獣">
            <value>幼獣</value>
          </Data>
          <Data name="頭数">
            <value>１頭</value>
          </Data>
          <Data name="発生地域">
            <value>八幡町</value>
          </Data>
          <Data name="緯度">
            <value>39.69759538</value>
          </Data>
          <Data name="経度">
            <value>141.1636325</value>
          </Data>
          <Data name="説明">
            <value>盛岡八幡宮北鳥居付近で幼獣１頭を目撃。北に向かって移動していった</value>
          </Data>
        </ExtendedData>
        <Point>
          <coordinates>
            141.1636325,39.69759538,0
          </coordinates>
        </Point>
      </Placemark>
      <Placemark>
        <name>令和8年7月31日(浅岸字二ツ森)</name>
        <description><![CDATA[出没区分: 01 目撃<br>名前: 令和8年7月31日<br>出没時間: 6:35<br>成獣/幼獣: 幼獣<br>頭数: １頭<br>発生地域: 浅岸字二ツ森<br>緯度: 39.71221111<br>経度: 141.2050107<br>説明: 綱取ダム管理事務所の南側で幼獣１頭を目撃。南に向かって移動していった。]]></description>
        <styleUrl>#icon-1759-FFEA00</styleUrl>
        <ExtendedData>
          <Data name="出没区分">
            <value>01 目撃</value>
          </Data>
          <Data name="名前">
            <value>令和8年7月31日</value>
          </Data>
          <Data name="出没時間">
            <value>6:35</value>
          </Data>
          <Data name="成獣/幼獣">
            <value>幼獣</value>
          </Data>
          <Data name="頭数">
            <value>１頭</value>
          </Data>
          <Data name="発生地域">
            <value>浅岸字二ツ森</value>
          </Data>
          <Data name="緯度">
            <value>39.71221111</value>
          </Data>
          <Data name="経度">
            <value>141.2050107</value>
          </Data>
          <Data name="説明">
            <value>綱取ダム管理事務所の南側で幼獣１頭を目撃。南に向かって移動していった。</value>
          </Data>
        </ExtendedData>
        <Point>
          <coordinates>
            141.2050107,39.71221111,0
          </coordinates>
        </Point>
      </Placemark>
      <Placemark>
        <name>令和8年8月1日(湯沢南一丁目)</name>
        <description><![CDATA[出没区分: 01 目撃<br>名前: 令和8年8月1日<br>出没時間: 13:05<br>成獣/幼獣: 幼獣<br>頭数: １頭<br>発生地域: 湯沢南一丁目<br>緯度: 39.63952138<br>経度: 141.0928883<br>説明: 住宅地で幼獣１頭を目撃。東から西（湯沢緑地方向）に向かって移動していった。]]></description>
        <styleUrl>#icon-1759-E65100</styleUrl>
        <ExtendedData>
          <Data name="出没区分">
            <value>01 目撃</value>
          </Data>
          <Data name="名前">
            <value>令和8年8月1日</value>
          </Data>
          <Data name="出没時間">
            <value>13:05</value>
          </Data>
          <Data name="成獣/幼獣">
            <value>幼獣</value>
          </Data>
          <Data name="頭数">
            <value>１頭</value>
          </Data>
          <Data name="発生地域">
            <value>湯沢南一丁目</value>
          </Data>
          <Data name="緯度">
            <value>39.63952138</value>
          </Data>
          <Data name="経度">
            <value>141.0928883</value>
          </Data>
          <Data name="説明">
            <value>住宅地で幼獣１頭を目撃。東から西（湯沢緑地方向）に向かって移動していった。</value>
          </Data>
        </ExtendedData>
        <Point>
          <coordinates>
            141.0928883,39.63952138,0
          </coordinates>
        </Point>
      </Placemark>
      <Placemark>
        <name>令和8年8月1日(北山一丁目)</name>
        <description><![CDATA[出没区分: 01 目撃<br>名前: 令和8年8月1日<br>出没時間: 18:41<br>成獣/幼獣: 不明<br>頭数: 不明<br>発生地域: 北山一丁目<br>緯度: 39.71241506<br>経度: 141.1535472<br>説明: 真行寺付近の踏切でクマ１頭を目撃。（移動方向不明）]]></description>
        <styleUrl>#icon-1759-E65100</styleUrl>
        <ExtendedData>
          <Data name="出没区分">
            <value>01 目撃</value>
          </Data>
          <Data name="名前">
            <value>令和8年8月1日</value>
          </Data>
          <Data name="出没時間">
            <value>18:41</value>
          </Data>
          <Data name="成獣/幼獣">
            <value>不明</value>
          </Data>
          <Data name="頭数">
            <value>不明</value>
          </Data>
          <Data name="発生地域">
            <value>北山一丁目</value>
          </Data>
          <Data name="緯度">
            <value>39.71241506</value>
          </Data>
          <Data name="経度">
            <value>141.1535472</value>
          </Data>
          <Data name="説明">
            <value>真行寺付近の踏切でクマ１頭を目撃。（移動方向不明）</value>
          </Data>
        </ExtendedData>
        <Point>
          <coordinates>
            141.1535472,39.71241506,0
          </coordinates>
        </Point>
      </Placemark>
      <Placemark>
        <name>令和8年8月1日(永井17地割)</name>
        <description><![CDATA[出没区分: 01 目撃<br>名前: 令和8年8月1日<br>出没時間: 20:15<br>成獣/幼獣: 幼獣<br>頭数: １頭<br>発生地域: 永井17地割<br>緯度: 39.65321182<br>経度: 141.1472858<br>説明: 岩手飯岡駅東口の公園付近で幼獣１頭を目撃。西（線路方向）に向かって移動していった。]]></description>
        <styleUrl>#icon-1759-E65100</styleUrl>
        <ExtendedData>
          <Data name="出没区分">
            <value>01 目撃</value>
          </Data>
          <Data name="名前">
            <value>令和8年8月1日</value>
          </Data>
          <Data name="出没時間">
            <value>20:15</value>
          </Data>
          <Data name="成獣/幼獣">
            <value>幼獣</value>
          </Data>
          <Data name="頭数">
            <value>１頭</value>
          </Data>
          <Data name="発生地域">
            <value>永井17地割</value>
          </Data>
          <Data name="緯度">
            <value>39.65321182</value>
          </Data>
          <Data name="経度">
            <value>141.1472858</value>
          </Data>
          <Data name="説明">
            <value>岩手飯岡駅東口の公園付近で幼獣１頭を目撃。西（線路方向）に向かって移動していった。</value>
          </Data>
        </ExtendedData>
        <Point>
          <coordinates>
            141.1472858,39.65321182,0
          </coordinates>
        </Point>
      </Placemark>
      <Placemark>
        <name>令和8年8月3日(繋字堂ケ沢)</name>
        <description><![CDATA[出没区分: 02 痕跡<br>名前: 令和8年8月3日<br>出没時間: 不明<br>成獣/幼獣: 不明<br>頭数: 不明<br>発生地域: 繋字堂ケ沢<br>緯度: 39.68589297<br>経度: 141.0135353<br>説明: 家庭菜園でクマの痕跡を確認。]]></description>
        <styleUrl>#icon-1759-E65100</styleUrl>
        <ExtendedData>
          <Data name="出没区分">
            <value>02 痕跡</value>
          </Data>
          <Data name="名前">
            <value>令和8年8月3日</value>
          </Data>
          <Data name="出没時間">
            <value>不明</value>
          </Data>
          <Data name="成獣/幼獣">
            <value>不明</value>
          </Data>
          <Data name="頭数">
            <value>不明</value>
          </Data>
          <Data name="発生地域">
            <value>繋字堂ケ沢</value>
          </Data>
          <Data name="緯度">
            <value>39.68589297</value>
          </Data>
          <Data name="経度">
            <value>141.0135353</value>
          </Data>
          <Data name="説明">
            <value>家庭菜園でクマの痕跡を確認。</value>
          </Data>
        </ExtendedData>
        <Point>
          <coordinates>
            141.0135353,39.68589297,0
          </coordinates>
        </Point>
      </Placemark>
      <Placemark>
        <name>令和8年8月4日(上飯岡７地割)</name>
        <description><![CDATA[出没区分: 02 痕跡<br>名前: 令和8年8月4日<br>出没時間: 不明<br>成獣/幼獣: 幼獣<br>頭数: １頭<br>発生地域: 上飯岡７地割<br>緯度: 39.65955982<br>経度: 141.0830031<br>説明: ほ場でクマの痕跡を確認]]></description>
        <styleUrl>#icon-1759-E65100</styleUrl>
        <ExtendedData>
          <Data name="出没区分">
            <value>02 痕跡</value>
          </Data>
          <Data name="名前">
            <value>令和8年8月4日</value>
          </Data>
          <Data name="出没時間">
            <value>不明</value>
          </Data>
          <Data name="成獣/幼獣">
            <value>幼獣</value>
          </Data>
          <Data name="頭数">
            <value>１頭</value>
          </Data>
          <Data name="発生地域">
            <value>上飯岡７地割</value>
          </Data>
          <Data name="緯度">
            <value>39.65955982</value>
          </Data>
          <Data name="経度">
            <value>141.0830031</value>
          </Data>
          <Data name="説明">
            <value>ほ場でクマの痕跡を確認</value>
          </Data>
        </ExtendedData>
        <Point>
          <coordinates>
            141.0830031,39.65955982,0
          </coordinates>
        </Point>
      </Placemark>
      <Placemark>
        <name>令和8年8月4日(湯沢一丁目)</name>
        <description><![CDATA[出没区分: 01 目撃<br>名前: 令和8年8月4日<br>出没時間: 6:55<br>成獣/幼獣: 幼獣<br>頭数: １頭<br>発生地域: 湯沢一丁目<br>緯度: 39.64383604<br>経度: 141.0970632<br>説明: 湯沢中央公園の野球グラウンドで幼獣１頭を目撃。南（ため池方向）に向かって移動していった。]]></description>
        <styleUrl>#icon-1759-E65100</styleUrl>
        <ExtendedData>
          <Data name="出没区分">
            <value>01 目撃</value>
          </Data>
          <Data name="名前">
            <value>令和8年8月4日</value>
          </Data>
          <Data name="出没時間">
            <value>6:55</value>
          </Data>
          <Data name="成獣/幼獣">
            <value>幼獣</value>
          </Data>
          <Data name="頭数">
            <value>１頭</value>
          </Data>
          <Data name="発生地域">
            <value>湯沢一丁目</value>
          </Data>
          <Data name="緯度">
            <value>39.64383604</value>
          </Data>
          <Data name="経度">
            <value>141.0970632</value>
          </Data>
          <Data name="説明">
            <value>湯沢中央公園の野球グラウンドで幼獣１頭を目撃。南（ため池方向）に向かって移動していった。</value>
          </Data>
        </ExtendedData>
        <Point>
          <coordinates>
            141.0970632,39.64383604,0
          </coordinates>
        </Point>
      </Placemark>
      <Placemark>
        <name>令和8年8月4日(川目第11地割)</name>
        <description><![CDATA[出没区分: 01 目撃<br>名前: 令和8年8月4日<br>出没時間: 19:55<br>成獣/幼獣: 成獣<br>頭数: １頭<br>発生地域: 川目第11地割<br>緯度: 39.67795563<br>経度: 141.1890844<br>説明: 宇津野橋付近で成獣１頭を目撃。南（簗川方向）に向かって移動していった。]]></description>
        <styleUrl>#icon-1759-E65100</styleUrl>
        <ExtendedData>
          <Data name="出没区分">
            <value>01 目撃</value>
          </Data>
          <Data name="名前">
            <value>令和8年8月4日</value>
          </Data>
          <Data name="出没時間">
            <value>19:55</value>
          </Data>
          <Data name="成獣/幼獣">
            <value>成獣</value>
          </Data>
          <Data name="頭数">
            <value>１頭</value>
          </Data>
          <Data name="発生地域">
            <value>川目第11地割</value>
          </Data>
          <Data name="緯度">
            <value>39.67795563</value>
          </Data>
          <Data name="経度">
            <value>141.1890844</value>
          </Data>
          <Data name="説明">
            <value>宇津野橋付近で成獣１頭を目撃。南（簗川方向）に向かって移動していった。</value>
          </Data>
        </ExtendedData>
        <Point>
          <coordinates>
            141.1890844,39.67795563,0
          </coordinates>
        </Point>
      </Placemark>
      <Placemark>
        <name>令和8年8月5日(上米内字松木平)</name>
        <description><![CDATA[出没区分: 01 目撃<br>名前: 令和8年8月5日<br>出没時間: 15:20<br>成獣/幼獣: 成獣<br>頭数: １頭<br>発生地域: 上米内字松木平<br>緯度: 39.74034353<br>経度: 141.1969818<br>説明: 米内川沿いを移動する成獣１頭を目撃。（移動方向不明）]]></description>
        <styleUrl>#icon-1759-E65100</styleUrl>
        <ExtendedData>
          <Data name="出没区分">
            <value>01 目撃</value>
          </Data>
          <Data name="名前">
            <value>令和8年8月5日</value>
          </Data>
          <Data name="出没時間">
            <value>15:20</value>
          </Data>
          <Data name="成獣/幼獣">
            <value>成獣</value>
          </Data>
          <Data name="頭数">
            <value>１頭</value>
          </Data>
          <Data name="発生地域">
            <value>上米内字松木平</value>
          </Data>
          <Data name="緯度">
            <value>39.74034353</value>
          </Data>
          <Data name="経度">
            <value>141.1969818</value>
          </Data>
          <Data name="説明">
            <value>米内川沿いを移動する成獣１頭を目撃。（移動方向不明）</value>
          </Data>
        </ExtendedData>
        <Point>
          <coordinates>
            141.1969818,39.74034353,0
          </coordinates>
        </Point>
      </Placemark>
      <Placemark>
        <name>令和8年8月6日(下田字生出)</name>
        <description><![CDATA[出没区分: 01 目撃<br>名前: 令和8年8月6日<br>出没時間: 6:10<br>成獣/幼獣: 成獣<br>頭数: 1頭<br>発生地域: 下田字生出<br>緯度: 39.874512<br>経度: 141.126963<br>説明: 西から東に道路を横断する成獣１頭を目撃。南東方向に移動していった。]]></description>
        <styleUrl>#icon-1759-E65100</styleUrl>
        <ExtendedData>
          <Data name="出没区分">
            <value>01 目撃</value>
          </Data>
          <Data name="名前">
            <value>令和8年8月6日</value>
          </Data>
          <Data name="出没時間">
            <value>6:10</value>
          </Data>
          <Data name="成獣/幼獣">
            <value>成獣</value>
          </Data>
          <Data name="頭数">
            <value>1頭</value>
          </Data>
          <Data name="発生地域">
            <value>下田字生出</value>
          </Data>
          <Data name="緯度">
            <value>39.874512</value>
          </Data>
          <Data name="経度">
            <value>141.126963</value>
          </Data>
          <Data name="説明">
            <value>西から東に道路を横断する成獣１頭を目撃。南東方向に移動していった。</value>
          </Data>
        </ExtendedData>
        <Point>
          <coordinates>
            141.126963,39.874512,0
          </coordinates>
        </Point>
      </Placemark>
      <Placemark>
        <name>令和8年8月6日(上田字小鳥沢)</name>
        <description><![CDATA[出没区分: 01 目撃<br>名前: 令和8年8月6日<br>出没時間: 8:06<br>成獣/幼獣: 成獣<br> 幼獣<br>頭数: １頭<br> １頭<br>発生地域: 上田字小鳥沢<br>緯度: 39.76295975<br>経度: 141.1831257<br>説明: 盛岡市クリーンセンター周辺で親子グマ２頭を目撃。西に向かって移動していった。]]></description>
        <styleUrl>#icon-1759-E65100</styleUrl>
        <ExtendedData>
          <Data name="出没区分">
            <value>01 目撃</value>
          </Data>
          <Data name="名前">
            <value>令和8年8月6日</value>
          </Data>
          <Data name="出没時間">
            <value>8:06</value>
          </Data>
          <Data name="成獣/幼獣">
            <value>成獣
 幼獣</value>
          </Data>
          <Data name="頭数">
            <value>１頭
 １頭</value>
          </Data>
          <Data name="発生地域">
            <value>上田字小鳥沢</value>
          </Data>
          <Data name="緯度">
            <value>39.76295975</value>
          </Data>
          <Data name="経度">
            <value>141.1831257</value>
          </Data>
          <Data name="説明">
            <value>盛岡市クリーンセンター周辺で親子グマ２頭を目撃。西に向かって移動していった。</value>
          </Data>
        </ExtendedData>
        <Point>
          <coordinates>
            141.1831257,39.76295975,0
          </coordinates>
        </Point>
      </Placemark>
      <Placemark>
        <name>令和8年8月6日(東松園二丁目)</name>
        <description><![CDATA[出没区分: 01 目撃<br>名前: 令和8年8月6日<br>出没時間: 10:05<br>成獣/幼獣: 成獣<br> 幼獣<br>頭数: １頭<br> １頭<br>発生地域: 東松園二丁目<br>緯度: 39.75519416<br>経度: 141.1656612<br>説明: 松園中央公園内のテニスコート付近で親子グマらしきもの２頭を目撃。北（東松園小学校方向）に向かって移動していった。]]></description>
        <styleUrl>#icon-1759-E65100</styleUrl>
        <ExtendedData>
          <Data name="出没区分">
            <value>01 目撃</value>
          </Data>
          <Data name="名前">
            <value>令和8年8月6日</value>
          </Data>
          <Data name="出没時間">
            <value>10:05</value>
          </Data>
          <Data name="成獣/幼獣">
            <value>成獣
 幼獣</value>
          </Data>
          <Data name="頭数">
            <value>１頭
 １頭</value>
          </Data>
          <Data name="発生地域">
            <value>東松園二丁目</value>
          </Data>
          <Data name="緯度">
            <value>39.75519416</value>
          </Data>
          <Data name="経度">
            <value>141.1656612</value>
          </Data>
          <Data name="説明">
            <value>松園中央公園内のテニスコート付近で親子グマらしきもの２頭を目撃。北（東松園小学校方向）に向かって移動していった。</value>
          </Data>
        </ExtendedData>
        <Point>
          <coordinates>
            141.1656612,39.75519416,0
          </coordinates>
        </Point>
      </Placemark>
      <Placemark>
        <name>令和8年8月7日(北松園三丁目)</name>
        <description><![CDATA[出没区分: 01 目撃<br>名前: 令和8年8月7日<br>出没時間: 19:35<br>成獣/幼獣: 幼獣<br>頭数: １頭<br>発生地域: 北松園三丁目<br>緯度: 39.76086761<br>経度: 141.1671438<br>説明: 住宅地内で幼獣１頭を目撃。南東（せせらぎ緑地方向）に向かって移動していった。]]></description>
        <styleUrl>#icon-1759-E65100</styleUrl>
        <ExtendedData>
          <Data name="出没区分">
            <value>01 目撃</value>
          </Data>
          <Data name="名前">
            <value>令和8年8月7日</value>
          </Data>
          <Data name="出没時間">
            <value>19:35</value>
          </Data>
          <Data name="成獣/幼獣">
            <value>幼獣</value>
          </Data>
          <Data name="頭数">
            <value>１頭</value>
          </Data>
          <Data name="発生地域">
            <value>北松園三丁目</value>
          </Data>
          <Data name="緯度">
            <value>39.76086761</value>
          </Data>
          <Data name="経度">
            <value>141.1671438</value>
          </Data>
          <Data name="説明">
            <value>住宅地内で幼獣１頭を目撃。南東（せせらぎ緑地方向）に向かって移動していった。</value>
          </Data>
        </ExtendedData>
        <Point>
          <coordinates>
            141.1671438,39.76086761,0
          </coordinates>
        </Point>
      </Placemark>
      <Placemark>
        <name>令和8年8月8日(山岸二丁目)</name>
        <description><![CDATA[出没区分: 01 目撃<br>名前: 令和8年8月8日<br>出没時間: 0:50<br>成獣/幼獣: 成獣<br>頭数: １頭<br>発生地域: 山岸二丁目<br>緯度: 39.71424023<br>経度: 141.1691183<br>説明: 山岸小学校付近で成獣１頭を目撃。東に向かって移動していった。]]></description>
        <styleUrl>#icon-1759-E65100</styleUrl>
        <ExtendedData>
          <Data name="出没区分">
            <value>01 目撃</value>
          </Data>
          <Data name="名前">
            <value>令和8年8月8日</value>
          </Data>
          <Data name="出没時間">
            <value>0:50</value>
          </Data>
          <Data name="成獣/幼獣">
            <value>成獣</value>
          </Data>
          <Data name="頭数">
            <value>１頭</value>
          </Data>
          <Data name="発生地域">
            <value>山岸二丁目</value>
          </Data>
          <Data name="緯度">
            <value>39.71424023</value>
          </Data>
          <Data name="経度">
            <value>141.1691183</value>
          </Data>
          <Data name="説明">
            <value>山岸小学校付近で成獣１頭を目撃。東に向かって移動していった。</value>
          </Data>
        </ExtendedData>
        <Point>
          <coordinates>
            141.1691183,39.71424023,0
          </coordinates>
        </Point>
      </Placemark>
      <Placemark>
        <name>令和8年8月10日(厨川一丁目)</name>
        <description><![CDATA[出没区分: 01 目撃<br>名前: 令和8年8月10日<br>出没時間: 4:30<br>成獣/幼獣: 幼獣<br>頭数: １頭<br>発生地域: 厨川一丁目<br>緯度: 39.74258236<br>経度: 141.1291135<br>説明: 厨川郵便局付近で幼獣１頭を目撃。北東に向かって移動していった。]]></description>
        <styleUrl>#icon-1759-E65100</styleUrl>
        <ExtendedData>
          <Data name="出没区分">
            <value>01 目撃</value>
          </Data>
          <Data name="名前">
            <value>令和8年8月10日</value>
          </Data>
          <Data name="出没時間">
            <value>4:30</value>
          </Data>
          <Data name="成獣/幼獣">
            <value>幼獣</value>
          </Data>
          <Data name="頭数">
            <value>１頭</value>
          </Data>
          <Data name="発生地域">
            <value>厨川一丁目</value>
          </Data>
          <Data name="緯度">
            <value>39.74258236</value>
          </Data>
          <Data name="経度">
            <value>141.1291135</value>
          </Data>
          <Data name="説明">
            <value>厨川郵便局付近で幼獣１頭を目撃。北東に向かって移動していった。</value>
          </Data>
        </ExtendedData>
        <Point>
          <coordinates>
            141.1291135,39.74258236,0
          </coordinates>
        </Point>
      </Placemark>
      <Placemark>
        <name>令和8年8月12日(好摩字野中)</name>
        <description><![CDATA[出没区分: 01 目撃<br>名前: 令和8年8月12日<br>出没時間: 7:50<br>成獣/幼獣: 成獣<br>頭数: 1頭<br>発生地域: 好摩字野中<br>緯度: 39.882648<br>経度: 141.165376<br>説明: 好摩体育館の北800m付近の退避所周辺で成獣１頭を目撃。西から東に道路を横断し、山林方向に向かって移動していった。]]></description>
        <styleUrl>#icon-1759-E65100</styleUrl>
        <ExtendedData>
          <Data name="出没区分">
            <value>01 目撃</value>
          </Data>
          <Data name="名前">
            <value>令和8年8月12日</value>
          </Data>
          <Data name="出没時間">
            <value>7:50</value>
          </Data>
          <Data name="成獣/幼獣">
            <value>成獣</value>
          </Data>
          <Data name="頭数">
            <value>1頭</value>
          </Data>
          <Data name="発生地域">
            <value>好摩字野中</value>
          </Data>
          <Data name="緯度">
            <value>39.882648</value>
          </Data>
          <Data name="経度">
            <value>141.165376</value>
          </Data>
          <Data name="説明">
            <value>好摩体育館の北800m付近の退避所周辺で成獣１頭を目撃。西から東に道路を横断し、山林方向に向かって移動していった。</value>
          </Data>
        </ExtendedData>
        <Point>
          <coordinates>
            141.165376,39.882648,0
          </coordinates>
        </Point>
      </Placemark>
      <Placemark>
        <name>令和8年8月13日(東松園一丁目)</name>
        <description><![CDATA[出没区分: 01 目撃<br>名前: 令和8年8月13日<br>出没時間: 15:55<br>成獣/幼獣: 成獣<br>頭数: １頭<br>発生地域: 東松園一丁目<br>緯度: 39.7454079<br>経度: 141.1693488<br>説明: 住宅敷地で成獣１頭を目撃。（移動方向不明）]]></description>
        <styleUrl>#icon-1759-E65100</styleUrl>
        <ExtendedData>
          <Data name="出没区分">
            <value>01 目撃</value>
          </Data>
          <Data name="名前">
            <value>令和8年8月13日</value>
          </Data>
          <Data name="出没時間">
            <value>15:55</value>
          </Data>
          <Data name="成獣/幼獣">
            <value>成獣</value>
          </Data>
          <Data name="頭数">
            <value>１頭</value>
          </Data>
          <Data name="発生地域">
            <value>東松園一丁目</value>
          </Data>
          <Data name="緯度">
            <value>39.7454079</value>
          </Data>
          <Data name="経度">
            <value>141.1693488</value>
          </Data>
          <Data name="説明">
            <value>住宅敷地で成獣１頭を目撃。（移動方向不明）</value>
          </Data>
        </ExtendedData>
        <Point>
          <coordinates>
            141.1693488,39.7454079,0
          </coordinates>
        </Point>
      </Placemark>
      <Placemark>
        <name>令和8年8月14日(下田字生出)</name>
        <description><![CDATA[出没区分: 01 目撃<br>名前: 令和8年8月14日<br>出没時間: 17:15<br>成獣/幼獣: 成獣<br>頭数: 1頭<br>発生地域: 下田字生出<br>緯度: 39.87893028<br>経度: 141.1055604<br>説明: 住宅の西側の山（岩手森）から、北側に向かって移動する成獣１頭を目撃。]]></description>
        <styleUrl>#icon-1759-E65100</styleUrl>
        <ExtendedData>
          <Data name="出没区分">
            <value>01 目撃</value>
          </Data>
          <Data name="名前">
            <value>令和8年8月14日</value>
          </Data>
          <Data name="出没時間">
            <value>17:15</value>
          </Data>
          <Data name="成獣/幼獣">
            <value>成獣</value>
          </Data>
          <Data name="頭数">
            <value>1頭</value>
          </Data>
          <Data name="発生地域">
            <value>下田字生出</value>
          </Data>
          <Data name="緯度">
            <value>39.87893028</value>
          </Data>
          <Data name="経度">
            <value>141.1055604</value>
          </Data>
          <Data name="説明">
            <value>住宅の西側の山（岩手森）から、北側に向かって移動する成獣１頭を目撃。</value>
          </Data>
        </ExtendedData>
        <Point>
          <coordinates>
            141.1055604,39.87893028,0
          </coordinates>
        </Point>
      </Placemark>
      <Placemark>
        <name>令和8年8月19日(上鹿妻二ツ沢)</name>
        <description><![CDATA[出没区分: 01 目撃<br>名前: 令和8年8月19日<br>出没時間: 17:10<br>成獣/幼獣: 幼獣<br>頭数: １頭<br>発生地域: 上鹿妻二ツ沢<br>緯度: 39.68846401<br>経度: 141.1542057<br>説明: こずかた動物霊園付近の道路で幼獣１頭を目撃。東の山林に向かって移動していった。]]></description>
        <styleUrl>#icon-1759-E65100</styleUrl>
        <ExtendedData>
          <Data name="出没区分">
            <value>01 目撃</value>
          </Data>
          <Data name="名前">
            <value>令和8年8月19日</value>
          </Data>
          <Data name="出没時間">
            <value>17:10</value>
          </Data>
          <Data name="成獣/幼獣">
            <value>幼獣</value>
          </Data>
          <Data name="頭数">
            <value>１頭</value>
          </Data>
          <Data name="発生地域">
            <value>上鹿妻二ツ沢</value>
          </Data>
          <Data name="緯度">
            <value>39.68846401</value>
          </Data>
          <Data name="経度">
            <value>141.1542057</value>
          </Data>
          <Data name="説明">
            <value>こずかた動物霊園付近の道路で幼獣１頭を目撃。東の山林に向かって移動していった。</value>
          </Data>
        </ExtendedData>
        <Point>
          <coordinates>
            141.1542057,39.68846401,0
          </coordinates>
        </Point>
      </Placemark>
      <Placemark>
        <name>令和8年8月20日(北松園一丁目)</name>
        <description><![CDATA[出没区分: 01 目撃<br>名前: 令和8年8月20日<br>出没時間: 19:15<br>成獣/幼獣: 幼獣<br>頭数: １頭<br>発生地域: 北松園一丁目<br>緯度: 39.75842254<br>経度: 141.1735602<br>説明: 松園東近隣公園の南西側の交差点付近で幼獣１頭を目撃。南東の山林に向かって移動していった。]]></description>
        <styleUrl>#icon-1759-E65100</styleUrl>
        <ExtendedData>
          <Data name="出没区分">
            <value>01 目撃</value>
          </Data>
          <Data name="名前">
            <value>令和8年8月20日</value>
          </Data>
          <Data name="出没時間">
            <value>19:15</value>
          </Data>
          <Data name="成獣/幼獣">
            <value>幼獣</value>
          </Data>
          <Data name="頭数">
            <value>１頭</value>
          </Data>
          <Data name="発生地域">
            <value>北松園一丁目</value>
          </Data>
          <Data name="緯度">
            <value>39.75842254</value>
          </Data>
          <Data name="経度">
            <value>141.1735602</value>
          </Data>
          <Data name="説明">
            <value>松園東近隣公園の南西側の交差点付近で幼獣１頭を目撃。南東の山林に向かって移動していった。</value>
          </Data>
        </ExtendedData>
        <Point>
          <coordinates>
            141.1735602,39.75842254,0
          </coordinates>
        </Point>
      </Placemark>
      <Placemark>
        <name>令和8年8月22日(松園三丁目)</name>
        <description><![CDATA[出没区分: 01 目撃<br>名前: 令和8年8月22日<br>出没時間: 18:13<br>成獣/幼獣: 成獣<br>頭数: １頭<br>発生地域: 松園三丁目<br>緯度: 39.7494699<br>経度: 141.1611602<br>説明: ひまわり幼児公園付近で成獣１頭を目撃（移動方向不明）]]></description>
        <styleUrl>#icon-1759-E65100</styleUrl>
        <ExtendedData>
          <Data name="出没区分">
            <value>01 目撃</value>
          </Data>
          <Data name="名前">
            <value>令和8年8月22日</value>
          </Data>
          <Data name="出没時間">
            <value>18:13</value>
          </Data>
          <Data name="成獣/幼獣">
            <value>成獣</value>
          </Data>
          <Data name="頭数">
            <value>１頭</value>
          </Data>
          <Data name="発生地域">
            <value>松園三丁目</value>
          </Data>
          <Data name="緯度">
            <value>39.7494699</value>
          </Data>
          <Data name="経度">
            <value>141.1611602</value>
          </Data>
          <Data name="説明">
            <value>ひまわり幼児公園付近で成獣１頭を目撃（移動方向不明）</value>
          </Data>
        </ExtendedData>
        <Point>
          <coordinates>
            141.1611602,39.7494699,0
          </coordinates>
        </Point>
      </Placemark>
    </Folder>
  </Document>
</kml>
